<?xml version="1.0" encoding="UTF-8" ?>
<!-- This is a WordPress eXtended RSS file generated by WordPress as an export of your site. -->
<!-- It contains information about your site's posts, pages, comments, categories, and other content. -->
<!-- You may use this file to transfer that content from one site to another. -->
<!-- This file is not intended to serve as a complete backup of your site. -->

<!-- To import this information into a WordPress site follow these steps: -->
<!-- 1. Log in to that site as an administrator. -->
<!-- 2. Go to Tools: Import in the WordPress admin panel. -->
<!-- 3. Install the "WordPress" importer from the list. -->
<!-- 4. Activate & Run Importer. -->
<!-- 5. Upload this file using the form provided on that page. -->
<!-- 6. You will first be asked to map the authors in this export file to users -->
<!--    on the site. For each author, you may choose to map to an -->
<!--    existing user on the site or to create a new user. -->
<!-- 7. WordPress will then import each of the posts, pages, comments, categories, etc. -->
<!--    contained in this file into your site. -->

<!-- generator="WordPress/4.0.1" created="2014-11-27 06:48" -->
<rss version="2.0"
	xmlns:excerpt="http://wordpress.org/export/1.2/excerpt/"
	xmlns:content="http://purl.org/rss/1.0/modules/content/"
	xmlns:wfw="http://wellformedweb.org/CommentAPI/"
	xmlns:dc="http://purl.org/dc/elements/1.1/"
	xmlns:wp="http://wordpress.org/export/1.2/"
>

<channel>
	<title>Zeyn</title>
	<link>http://zeyn.detheme.com</link>
	<description>Just another WordPress site</description>
	<pubDate>Thu, 27 Nov 2014 06:48:17 +0000</pubDate>
	<language>en-US</language>
	<wp:wxr_version>1.2</wp:wxr_version>
	<wp:base_site_url>http://zeyn.detheme.com</wp:base_site_url>
	<wp:base_blog_url>http://zeyn.detheme.com</wp:base_blog_url>

	<wp:author><wp:author_id>1</wp:author_id><wp:author_login>admin</wp:author_login><wp:author_email>yoneth@gmail.com</wp:author_email><wp:author_display_name><![CDATA[Admin]]></wp:author_display_name><wp:author_first_name><![CDATA[admin]]></wp:author_first_name><wp:author_last_name><![CDATA[Asmara]]></wp:author_last_name></wp:author>
	<generator>http://wordpress.org/?v=4.0.1</generator>
		<item>
		<title>Classic</title>
		<link>http://zeyn.detheme.com/classic/</link>
		<pubDate>Wed, 19 Nov 2014 02:00:56 +0000</pubDate>
		<dc:creator><![CDATA[admin]]></dc:creator>
		<guid isPermaLink="false">http://zeyn.detheme.com/?page_id=9660</guid>
		<description></description>
		<content:encoded><![CDATA[[vc_row css=".vc_custom_1416372231868{margin-top: -120px !important;padding-top: 400px !important;padding-bottom: 400px !important;}" expanded="2" background_type="image" background_image="6" background_style="fixed" font_color="#ffffff"][vc_column width="1/1"][vc_column_text css=".vc_custom_1416372194452{margin-bottom: 0px !important;}"]
<p style="text-align: center;">MULTIPURPOSE SITE</p>

[/vc_column_text][section_header use_decoration="0" layout_type="section-heading-border" separator_position="center" main_heading="ZEYN THEME" text_align="center" font_size="custom" custom_font_size="52" font_style="default" color="#ffffff" css=".vc_custom_1416372151193{margin-top: 0px !important;margin-bottom: 0px !important;}"][vc_column_text]
<p style="text-align: center;">[dt_button url="#" style="ghost" size="btn-default" skin="light" target="_self"]MORE ABOUT US[/dt_button]</p>

[/vc_column_text][/vc_column][/vc_row][vc_row css=".vc_custom_1416374116016{padding-top: 60px !important;padding-bottom: 60px !important;}" background_type="image" background_style="cover"][vc_column width="1/1" css=".vc_custom_1416374638492{padding-right: 0px !important;padding-left: 0px !important;}"][vc_column_text]
<h3 style="text-align: center;">Imagination is the beginning of creation. You imagine what you desire, you will what you imagine, and at last, you create what you will</h3>
[/vc_column_text][/vc_column][/vc_row][vc_row expanded="1" background_type="image" background_style="cover" css=".vc_custom_1416387254627{margin-bottom: 0px !important;}"][vc_column width="1/1" css=".vc_custom_1416468810322{padding-right: 0px !important;padding-left: 0px !important;}"][dt_portfolio layout="carousel" portfolio_cat="" portfolio_num="10" speed="800" autoplay="0" spy="uk-animation-fade" scroll_delay="300" full_column="4" desktop_column="4" small_column="3" tablet_column="2" mobile_column="1" posts_per_page="3" show_link="no" show_filter="no" column="4"][/vc_column][/vc_row][vc_row css=".vc_custom_1416909102438{margin-top: 0px !important;margin-bottom: 0px !important;padding-top: 60px !important;padding-bottom: 60px !important;background-color: #3f3f3f !important;}" background_type="image" background_style="cover" expanded="2" font_color="#ffffff"][vc_column width="1/1"][vc_row_inner][vc_column_inner width="1/3"][dt_iconbox icon_type="icon-video" layout_type="5" iconbox_heading="Videography" target="_blank" spy="uk-animation-fade" scroll_delay="300"]
<p style="text-align: center;">Quam temere in vitiis, legem sancimus haerentia. Quisque placerat facilisis egestas cillum dolore. Quis aute iure reprehenderit in voluptate velit esse.</p>

[/dt_iconbox][/vc_column_inner][vc_column_inner width="1/3"][dt_iconbox icon_type="icon-camera-alt" layout_type="5" iconbox_heading="Photography" target="_blank" spy="uk-animation-fade" scroll_delay="300"]
<p style="text-align: center;">At nos hinc posthac, sitientis piros Afros. Quisque ut dolor gravida, placerat libero vel, euismod. At nos hinc posthac, sitientis piros Afros.</p>

[/dt_iconbox][/vc_column_inner][vc_column_inner width="1/3"][dt_iconbox icon_type="icon-book-open" layout_type="5" iconbox_heading="Content Writing" target="_blank" spy="uk-animation-fade" scroll_delay="300"]
<p style="text-align: center;">Quam temere in vitiis, legem sancimus haerentia. Tityre, tu patulae recubans sub tegmine fagi  dolor. Mercedem aut nummos unde unde extricat.</p>

[/dt_iconbox][/vc_column_inner][/vc_row_inner][/vc_column][/vc_row][vc_row css=".vc_custom_1416989793958{margin-top: 0px !important;padding-top: 30px !important;padding-bottom: 30px !important;background-color: #c4aa77 !important;}" expanded="2" background_type="image" background_style="cover"][vc_column width="1/1"][vc_row_inner][vc_column_inner width="2/3"][vc_column_text]
<h3 class="light" style="text-align: right;"><span style="color: #ffffff;">Like What You See? We’re Just Getting Started</span></h3>
[/vc_column_text][/vc_column_inner][vc_column_inner width="1/3"][vc_column_text]
<p style="text-align: left;">[dt_button url="#" style="ghost" size="btn-default" skin="light" target="_self"]SEE PORTFOLIO[/dt_button]</p>

[/vc_column_text][/vc_column_inner][/vc_row_inner][/vc_column][/vc_row][vc_row css=".vc_custom_1416989809247{margin-bottom: 0px !important;padding-top: 80px !important;padding-bottom: 400px !important;}" background_type="image" background_style="cover" expanded="2" background_image="15"][vc_column width="1/1"][vc_row_inner][vc_column_inner width="1/3"][dt_iconbox icon_type="icon-group" layout_type="7" iconbox_heading="A Professional To Do Your Work" target="_blank" spy="uk-animation-slide-left" scroll_delay="300"]Nihil hic munitissimus habendi senatus locus, nihil horum. Quid securi etiam tamquam eu fugiat nulla pariatur. Cum sociis natoque penatibus et magnis dis parturient.[/dt_iconbox][/vc_column_inner][vc_column_inner width="1/3"][dt_iconbox icon_type="icon-cloud-1" layout_type="7" iconbox_heading="Cloud Technology" target="_blank" spy="uk-animation-slide-left" scroll_delay="300"]Ab illo tempore, ab est sed immemorabili. Gallia est omnis divisa in partes tres, quarum. Quis aute iure reprehenderit in voluptate velit esse.[/dt_iconbox][/vc_column_inner][vc_column_inner width="1/3"][dt_iconbox icon_type="icon-paper-plane" layout_type="7" iconbox_heading="High Performance" target="_blank" spy="uk-animation-slide-left" scroll_delay="300"]Inmensae subtilitatis, obscuris et malesuada fames. Integer legentibus erat a ante historiarum dapibus. Etiam habebis sem dicantur magna mollis euismod.[/dt_iconbox][/vc_column_inner][/vc_row_inner][vc_row_inner][vc_column_inner width="1/3"][dt_iconbox icon_type="icon-code-3" layout_type="7" iconbox_heading="Super Precision Coding" target="_blank" spy="uk-animation-slide-right" scroll_delay="300"]Vivamus sagittis lacus vel augue laoreet rutrum faucibus. Curabitur blandit tempus ardua ridiculus sed magna. Ullamco laboris nisi ut aliquid ex ea commodi consequat.[/dt_iconbox][/vc_column_inner][vc_column_inner width="1/3"][dt_iconbox icon_type="icon-globe-4" layout_type="7" iconbox_heading="Global Connection" target="_blank" spy="uk-animation-slide-right" scroll_delay="300"]Curabitur blandit tempus ardua ridiculus sed magna. Donec sed odio operae, eu vulputate felis rhoncus. Salutantibus vitae elit libero, a pharetra augue.[/dt_iconbox][/vc_column_inner][vc_column_inner width="1/3"][dt_iconbox icon_type="icon-star-8" layout_type="7" iconbox_heading="High Rating From User" target="_blank" spy="uk-animation-slide-right" scroll_delay="300"]Nihil hic munitissimus habendi senatus locus, nihil horum. Quid securi etiam tamquam eu fugiat nulla pariatur. Cum sociis natoque penatibus et magnis dis parturient.[/dt_iconbox][/vc_column_inner][/vc_row_inner][/vc_column][/vc_row][vc_row font_color="#ffffff" css=".vc_custom_1416989818382{margin-bottom: 0px !important;padding-top: 0px !important;padding-bottom: 0px !important;background-color: #3f3f3f !important;}" expanded="1" background_type="image" background_style="cover" el_class="counter-border"][vc_column width="1/4" css=".vc_custom_1416989828758{padding-top: 40px !important;padding-bottom: 40px !important;}"][vc_column_text]
<div class="dt-counto" style="text-align: center;">807</div>
<h4 style="text-align: center;">Lines Of Codes</h4>
[/vc_column_text][/vc_column][vc_column width="1/4" css=".vc_custom_1416989840158{padding-top: 40px !important;padding-bottom: 40px !important;}"][vc_column_text]
<div class="dt-counto" style="text-align: center;">120</div>
<h4 style="text-align: center;">Cup of Coffee</h4>
[/vc_column_text][/vc_column][vc_column width="1/4" css=".vc_custom_1416989848535{padding-top: 40px !important;padding-bottom: 40px !important;}"][vc_column_text]
<div class="dt-counto" style="text-align: center;">744</div>
<h4 style="text-align: center;">Clients Satisfied</h4>
[/vc_column_text][/vc_column][vc_column width="1/4" css=".vc_custom_1416989857135{padding-top: 40px !important;padding-bottom: 40px !important;}"][vc_column_text]
<div class="dt-counto" style="text-align: center;">345</div>
<h4 style="text-align: center;">Sleepless Night</h4>
[/vc_column_text][/vc_column][/vc_row][vc_row css=".vc_custom_1416994219253{padding-top: 80px !important;padding-bottom: 80px !important;}" background_type="image" background_style="cover"][vc_column width="1/4"][vc_row_inner][vc_column_inner width="1/1"][vc_column_text css_animation="left-to-right"]
<h2>Our Services</h2>
Hi omnes lingua, institutis, legibus inter se differunt. Nec dubitamus multa iter quae et nos invenerat. Excepteur sint obcaecat cupiditat non proident culpa. Me non paenitet nullum festiviorem excogitasse ad hoc. Salutantibus vitae elit libero, a pharetra augue.[/vc_column_text][/vc_column_inner][/vc_row_inner][/vc_column][vc_column width="1/4" css=".vc_custom_1416995549431{padding: 0px 15px !important;}"][vc_row_inner css=".vc_custom_1416995535251{padding: 0px 15px !important;}"][vc_column_inner width="1/1" css=".vc_custom_1416995512945{padding: 20px !important;background-color: #f3f3f3 !important;}"][section_header use_decoration="1" layout_type="section-heading-thin-border" separator_position="left" main_heading="Custom Coding" text_align="left" font_size="small" font_style="default" separator_color="#9b9b9b"][vc_column_text css_animation="appear"]Etiam habebis sem dicantur magna mollis euismod. Etiam habebis sem dicantur magna mollis euismod. Curabitur blandit tempus ardua ridiculus sed magna.[/vc_column_text][/vc_column_inner][/vc_row_inner][/vc_column][vc_column width="1/4" css=".vc_custom_1416995563563{padding: 0px 15px !important;}"][vc_row_inner css=".vc_custom_1416995535251{padding: 0px 15px !important;}"][vc_column_inner width="1/1" css=".vc_custom_1416995512945{padding: 20px !important;background-color: #f3f3f3 !important;}"][section_header use_decoration="1" layout_type="section-heading-thin-border" separator_position="left" main_heading="Line Design" text_align="left" font_size="small" font_style="default" separator_color="#9b9b9b"][vc_column_text css_animation="appear"]Etiam habebis sem dicantur magna mollis euismod. Etiam habebis sem dicantur magna mollis euismod. Curabitur blandit tempus ardua ridiculus sed magna.[/vc_column_text][/vc_column_inner][/vc_row_inner][/vc_column][vc_column width="1/4" css=".vc_custom_1416995575130{padding: 0px 15px !important;}"][vc_row_inner css=".vc_custom_1416995535251{padding: 0px 15px !important;}"][vc_column_inner width="1/1" css=".vc_custom_1416995512945{padding: 20px !important;background-color: #f3f3f3 !important;}"][section_header use_decoration="1" layout_type="section-heading-thin-border" separator_position="left" main_heading="Making Coffee" text_align="left" font_size="small" font_style="default" separator_color="#9b9b9b"][vc_column_text css_animation="appear"]Etiam habebis sem dicantur magna mollis euismod. Etiam habebis sem dicantur magna mollis euismod. Curabitur blandit tempus ardua ridiculus sed magna.[/vc_column_text][/vc_column_inner][/vc_row_inner][/vc_column][/vc_row][vc_row css=".vc_custom_1417060486355{margin-bottom: -2px !important;padding-top: 110px !important;padding-bottom: 110px !important;}" background_type="video" background_video="9785" background_style="cover" expanded="2" font_color="#ffffff"][vc_column width="1/6"][/vc_column][vc_column width="2/3"][section_header use_decoration="1" layout_type="section-heading-thin-border" separator_position="center" main_heading="Creativity Inside" text_align="center" font_size="default" font_style="default" color="#ffffff" separator_color="#c4aa77"][vc_column_text]
<h3 style="text-align: center;"><span style="color: #ffffff;">Zeyn is Built on Bootstrap Framework and It's a Super Easy to Use</span></h3>
<p style="text-align: center;">Prima luce, cum quibus mons aliud  consensu ab eo. Fabio vel iudice vincam, sunt in culpa qui officia. Quo usque tandem abutere, Catilina, patientia nostra. Contra legem facit qui id facit quod lex prohibet. Contra legem facit qui id facit quod.</p>

[/vc_column_text][vc_column_text]
<p style="text-align: center;">[dt_button url="#" style="ghost" size="btn-default" skin="light" target="_self"]SEE PORTFOLIO[/dt_button]</p>

[/vc_column_text][/vc_column][vc_column width="1/6"][/vc_column][/vc_row]]]></content:encoded>
		<excerpt:encoded><![CDATA[]]></excerpt:encoded>
		<wp:post_id>9660</wp:post_id>
		<wp:post_date>2014-11-19 09:00:56</wp:post_date>
		<wp:post_date_gmt>2014-11-19 02:00:56</wp:post_date_gmt>
		<wp:comment_status>open</wp:comment_status>
		<wp:ping_status>open</wp:ping_status>
		<wp:post_name>classic</wp:post_name>
		<wp:status>publish</wp:status>
		<wp:post_parent>0</wp:post_parent>
		<wp:menu_order>0</wp:menu_order>
		<wp:post_type>page</wp:post_type>
		<wp:post_password></wp:post_password>
		<wp:is_sticky>0</wp:is_sticky>
		<wp:postmeta>
			<wp:meta_key>_edit_last</wp:meta_key>
			<wp:meta_value><![CDATA[1]]></wp:meta_value>
		</wp:postmeta>
		<wp:postmeta>
			<wp:meta_key>_wp_page_template</wp:meta_key>
			<wp:meta_value><![CDATA[fullwidth.php]]></wp:meta_value>
		</wp:postmeta>
		<wp:postmeta>
			<wp:meta_key>_wpb_vc_js_status</wp:meta_key>
			<wp:meta_value><![CDATA[true]]></wp:meta_value>
		</wp:postmeta>
		<wp:postmeta>
			<wp:meta_key>_wpb_vc_js_interface_version</wp:meta_key>
			<wp:meta_value><![CDATA[2]]></wp:meta_value>
		</wp:postmeta>
		<wp:postmeta>
			<wp:meta_key>slide_template</wp:meta_key>
			<wp:meta_value><![CDATA[default]]></wp:meta_value>
		</wp:postmeta>
		<wp:postmeta>
			<wp:meta_key>_sidebar_position</wp:meta_key>
			<wp:meta_value><![CDATA[default]]></wp:meta_value>
		</wp:postmeta>
		<wp:postmeta>
			<wp:meta_key>_hide_lightbox</wp:meta_key>
			<wp:meta_value><![CDATA[]]></wp:meta_value>
		</wp:postmeta>
		<wp:postmeta>
			<wp:meta_key>_hide_title</wp:meta_key>
			<wp:meta_value><![CDATA[]]></wp:meta_value>
		</wp:postmeta>
		<wp:postmeta>
			<wp:meta_key>_hide_loader</wp:meta_key>
			<wp:meta_value><![CDATA[]]></wp:meta_value>
		</wp:postmeta>
		<wp:postmeta>
			<wp:meta_key>_hide_popup</wp:meta_key>
			<wp:meta_value><![CDATA[]]></wp:meta_value>
		</wp:postmeta>
		<wp:postmeta>
			<wp:meta_key>_background_style</wp:meta_key>
			<wp:meta_value><![CDATA[default]]></wp:meta_value>
		</wp:postmeta>
		<wp:postmeta>
			<wp:meta_key>_page_background</wp:meta_key>
			<wp:meta_value><![CDATA[]]></wp:meta_value>
		</wp:postmeta>
		<wp:postmeta>
			<wp:meta_key>_meta_description</wp:meta_key>
			<wp:meta_value><![CDATA[]]></wp:meta_value>
		</wp:postmeta>
		<wp:postmeta>
			<wp:meta_key>_meta_keyword</wp:meta_key>
			<wp:meta_value><![CDATA[]]></wp:meta_value>
		</wp:postmeta>
		<wp:postmeta>
			<wp:meta_key>_meta_author</wp:meta_key>
			<wp:meta_value><![CDATA[]]></wp:meta_value>
		</wp:postmeta>
		<wp:postmeta>
			<wp:meta_key>_page_banner</wp:meta_key>
			<wp:meta_value><![CDATA[]]></wp:meta_value>
		</wp:postmeta>
		<wp:postmeta>
			<wp:meta_key>_wpb_shortcodes_custom_css</wp:meta_key>
			<wp:meta_value><![CDATA[.vc_custom_1416372231868{margin-top: -120px !important;padding-top: 400px !important;padding-bottom: 400px !important;}.vc_custom_1416374116016{padding-top: 60px !important;padding-bottom: 60px !important;}.vc_custom_1416387254627{margin-bottom: 0px !important;}.vc_custom_1416909102438{margin-top: 0px !important;margin-bottom: 0px !important;padding-top: 60px !important;padding-bottom: 60px !important;background-color: #3f3f3f !important;}.vc_custom_1416989793958{margin-top: 0px !important;padding-top: 30px !important;padding-bottom: 30px !important;background-color: #c4aa77 !important;}.vc_custom_1416989809247{margin-bottom: 0px !important;padding-top: 80px !important;padding-bottom: 400px !important;}.vc_custom_1416989818382{margin-bottom: 0px !important;padding-top: 0px !important;padding-bottom: 0px !important;background-color: #3f3f3f !important;}.vc_custom_1416994219253{padding-top: 80px !important;padding-bottom: 80px !important;}.vc_custom_1417060486355{margin-bottom: -2px !important;padding-top: 110px !important;padding-bottom: 110px !important;}.vc_custom_1416372194452{margin-bottom: 0px !important;}.vc_custom_1416372151193{margin-top: 0px !important;margin-bottom: 0px !important;}.vc_custom_1416374638492{padding-right: 0px !important;padding-left: 0px !important;}.vc_custom_1416468810322{padding-right: 0px !important;padding-left: 0px !important;}.vc_custom_1416989828758{padding-top: 40px !important;padding-bottom: 40px !important;}.vc_custom_1416989840158{padding-top: 40px !important;padding-bottom: 40px !important;}.vc_custom_1416989848535{padding-top: 40px !important;padding-bottom: 40px !important;}.vc_custom_1416989857135{padding-top: 40px !important;padding-bottom: 40px !important;}.vc_custom_1416995549431{padding: 0px 15px !important;}.vc_custom_1416995563563{padding: 0px 15px !important;}.vc_custom_1416995575130{padding: 0px 15px !important;}.vc_custom_1416995535251{padding: 0px 15px !important;}.vc_custom_1416995512945{padding: 20px !important;background-color: #f3f3f3 !important;}.vc_custom_1416995535251{padding: 0px 15px !important;}.vc_custom_1416995512945{padding: 20px !important;background-color: #f3f3f3 !important;}.vc_custom_1416995535251{padding: 0px 15px !important;}.vc_custom_1416995512945{padding: 20px !important;background-color: #f3f3f3 !important;}]]></wp:meta_value>
		</wp:postmeta>
		<wp:postmeta>
			<wp:meta_key>_wpb_post_custom_css</wp:meta_key>
			<wp:meta_value><![CDATA[.counter-border .wpb_column { border-right: 1px solid rgba( 255,255,255, 0.2); }
.dt-counto { font-weight:400; }
.dt-counto h4 { margin-bottom:0; }]]></wp:meta_value>
		</wp:postmeta>
	</item>
	<item>
		<title>Timelapse City</title>
		<link>http://zeyn.detheme.com/classic/timelapse-city/</link>
		<pubDate>Thu, 27 Nov 2014 03:36:55 +0000</pubDate>
		<dc:creator><![CDATA[admin]]></dc:creator>
		<guid isPermaLink="false">http://detheme.com/repo/zeyn/media/2014/11/Timelapse-City.mp4</guid>
		<description></description>
		<content:encoded><![CDATA[]]></content:encoded>
		<excerpt:encoded><![CDATA[]]></excerpt:encoded>
		<wp:post_id>9785</wp:post_id>
		<wp:post_date>2014-11-27 10:36:55</wp:post_date>
		<wp:post_date_gmt>2014-11-27 03:36:55</wp:post_date_gmt>
		<wp:comment_status>open</wp:comment_status>
		<wp:ping_status>open</wp:ping_status>
		<wp:post_name>timelapse-city</wp:post_name>
		<wp:status>inherit</wp:status>
		<wp:post_parent>9660</wp:post_parent>
		<wp:menu_order>0</wp:menu_order>
		<wp:post_type>attachment</wp:post_type>
		<wp:post_password></wp:post_password>
		<wp:is_sticky>0</wp:is_sticky>
		<wp:attachment_url>http://detheme.com/repo/zeyn/media/2014/11/Timelapse-City.mp4</wp:attachment_url>
		<wp:postmeta>
			<wp:meta_key>_wp_attached_file</wp:meta_key>
			<wp:meta_value><![CDATA[2014/11/Timelapse-City.mp4]]></wp:meta_value>
		</wp:postmeta>
		<wp:postmeta>
			<wp:meta_key>_wp_attachment_metadata</wp:meta_key>
			<wp:meta_value><![CDATA[a:9:{s:8:"filesize";i:4599868;s:9:"mime_type";s:15:"video/quicktime";s:6:"length";i:16;s:16:"length_formatted";s:4:"0:15";s:5:"width";i:854;s:6:"height";i:480;s:10:"fileformat";s:3:"mp4";s:10:"dataformat";s:9:"quicktime";s:5:"audio";a:7:{s:10:"dataformat";s:3:"mp4";s:5:"codec";s:19:"ISO/IEC 14496-3 AAC";s:11:"sample_rate";d:44100;s:8:"channels";i:2;s:15:"bits_per_sample";i:16;s:8:"lossless";b:0;s:11:"channelmode";s:6:"stereo";}}]]></wp:meta_value>
		</wp:postmeta>
	</item>
</channel>
</rss>
