<?xml version="1.0" encoding="UTF-8" ?>
<!-- This is a WordPress eXtended RSS file generated by WordPress as an export of your site. -->
<!-- It contains information about your site's posts, pages, comments, categories, and other content. -->
<!-- You may use this file to transfer that content from one site to another. -->
<!-- This file is not intended to serve as a complete backup of your site. -->

<!-- To import this information into a WordPress site follow these steps: -->
<!-- 1. Log in to that site as an administrator. -->
<!-- 2. Go to Tools: Import in the WordPress admin panel. -->
<!-- 3. Install the "WordPress" importer from the list. -->
<!-- 4. Activate & Run Importer. -->
<!-- 5. Upload this file using the form provided on that page. -->
<!-- 6. You will first be asked to map the authors in this export file to users -->
<!--    on the site. For each author, you may choose to map to an -->
<!--    existing user on the site or to create a new user. -->
<!-- 7. WordPress will then import each of the posts, pages, comments, categories, etc. -->
<!--    contained in this file into your site. -->

<!-- generator="WordPress/4.0" created="2014-10-16 07:04" -->
<rss version="2.0"
	xmlns:excerpt="http://wordpress.org/export/1.2/excerpt/"
	xmlns:content="http://purl.org/rss/1.0/modules/content/"
	xmlns:wfw="http://wellformedweb.org/CommentAPI/"
	xmlns:dc="http://purl.org/dc/elements/1.1/"
	xmlns:wp="http://wordpress.org/export/1.2/"
>

<channel>
	<title>Zeyn</title>
	<link>http://zeyn.detheme.com</link>
	<description>Just another WordPress site</description>
	<pubDate>Thu, 16 Oct 2014 07:04:18 +0000</pubDate>
	<language>en-US</language>
	<wp:wxr_version>1.2</wp:wxr_version>
	<wp:base_site_url>http://zeyn.detheme.com</wp:base_site_url>
	<wp:base_blog_url>http://zeyn.detheme.com</wp:base_blog_url>

	<wp:author><wp:author_id>1</wp:author_id><wp:author_login>admin</wp:author_login><wp:author_email>yoneth@gmail.com</wp:author_email><wp:author_display_name><![CDATA[Admin]]></wp:author_display_name><wp:author_first_name><![CDATA[admin]]></wp:author_first_name><wp:author_last_name><![CDATA[Asmara]]></wp:author_last_name></wp:author>


	<generator>http://wordpress.org/?v=4.0</generator>
	<item>
		<title>Creative</title>
		<link>http://zeyn.detheme.com/creative/</link>
		<pubDate>Wed, 01 Oct 2014 04:07:25 +0000</pubDate>
		<dc:creator><![CDATA[admin]]></dc:creator>
		<guid isPermaLink="false">http://zeyn.detheme.com/?page_id=9416</guid>
		<description></description>
		<content:encoded><![CDATA[[vc_row css=".vc_custom_1413437235041{margin-top: -90px !important;margin-bottom: 0px !important;}" background_style="cover"][vc_column][rev_slider_vc alias="creative_banner"][/vc_column][/vc_row][vc_row css=".vc_custom_1413437429730{margin-top: 0px !important;margin-bottom: 0px !important;padding-top: 100px !important;padding-bottom: 100px !important;}" background_style="parallax" expanded="2" background_image="15" el_id="introduction"][vc_column width="1/1"][vc_row_inner][vc_column_inner width="1/2"][section_header use_decoration="1" layout_type="section-heading-thick-border" separator_position="left" main_heading="INTRODUCING ZEYN" text_align="left" font_size="xlarge" custom_font_size="42" font_style="default"][vc_column_text css_animation="left-to-right"]
<blockquote>Zeyn is a premium WordPress theme with incredible flexibility and functionality.</blockquote>
[/vc_column_text][vc_column_text css=".vc_custom_1413442603264{margin-top: -15px !important;}" css_animation="left-to-right"]<em><strong>What's Inside?</strong></em>

Ut enim ad minim veniam, quis nostrud exercitation. Quo usque tandem abutere, Catilina, patientia nostra? Donec sed odio operae, eu vulputate felis rhoncus. Morbi fringilla convallis sapien, id pulvinar odio volutpat. A communi observantia non est recedendum. Plura mihi bona sunt, inclinet, amari petere vellent.[/vc_column_text][vc_column_text css_animation="right-to-left"][dt_button url="http://themeforest.net/item/zeyn-multipurpose-wordpress-theme/8848292?ref=deTheme" style="color-primary" size="btn-lg" skin="dark" target="_self"]BUY ZEYN[/dt_button][/vc_column_text][/vc_column_inner][vc_column_inner width="1/2"][/vc_column_inner][/vc_row_inner][/vc_column][/vc_row][vc_row expanded="1" background_style="cover" css=".vc_custom_1413189983210{margin-bottom: 0px !important;}"][vc_column width="1/1"][vc_row_inner el_class="dt-counter-border" css=".vc_custom_1413254204888{margin-bottom: 0px !important;}"][vc_column_inner width="1/4" css=".vc_custom_1413254229866{padding-bottom: 30px !important;}"][vc_column_text]
<div class="dt-counto" style="text-align: center;">293</div>
[/vc_column_text][vc_column_text css=".vc_custom_1413252295437{margin-top: -30px !important;}"]
<p style="text-align: center;">Products</p>
[/vc_column_text][/vc_column_inner][vc_column_inner width="1/4" css=".vc_custom_1413254217293{padding-bottom: 30px !important;}"][vc_column_text]
<div class="dt-counto" style="text-align: center;">120</div>
[/vc_column_text][vc_column_text css=".vc_custom_1413253065322{margin-top: -30px !important;}"]
<p style="text-align: center;">Clients</p>
[/vc_column_text][/vc_column_inner][vc_column_inner width="1/4" css=".vc_custom_1413254255572{padding-bottom: 30px !important;}"][vc_column_text]
<div class="dt-counto" style="text-align: center;">35</div>
[/vc_column_text][vc_column_text css=".vc_custom_1413253078236{margin-top: -30px !important;}"]
<p style="text-align: center;">Awards Winning</p>
[/vc_column_text][/vc_column_inner][vc_column_inner width="1/4" css=".vc_custom_1413254267123{padding-bottom: 30px !important;}"][vc_column_text]
<div class="dt-counto" style="text-align: center;">420</div>
[/vc_column_text][vc_column_text css=".vc_custom_1413253091477{margin-top: -30px !important;}"]
<p style="text-align: center;">Movie Watched</p>
[/vc_column_text][/vc_column_inner][/vc_row_inner][/vc_column][/vc_row][vc_row expanded="2" background_image="6" background_style="parallax" font_color="#ffffff" css=".vc_custom_1413259034880{margin-top: 0px !important;margin-bottom: 0px !important;padding-top: 100px !important;padding-bottom: 100px !important;}"][vc_column width="1/1"][vc_row_inner][vc_column_inner width="1/1"][section_header use_decoration="1" layout_type="section-heading-thick-border" separator_position="left" main_heading="OUR SPECIALITIES" text_align="left" font_size="xlarge" custom_font_size="42" font_style="default" color="#ffffff" separator_color="#ffffff"][vc_column_text]Fictum deserunt mollit anim laborum astutumque. Phasellus laoreet lorem vel dolor tempus vehicula.[/vc_column_text][/vc_column_inner][/vc_row_inner][dt_carousel title="DT Carousel" speed="800" autoplay="1" pagination="1" pagination_type="bullet" column="4" desktop_column="4" small_column="2" tablet_column="1" mobile_column="1" spy="none" scroll_delay="300" pagination_color="#ffffff" pagination_size="12"][dt_iconbox icon_type="icon-desktop-1" layout_type="5" iconbox_heading="DEKSTOP PLATFORM" target="_blank" spy="none" scroll_delay="300" css=".vc_custom_1413252917357{margin-right: 10px !important;margin-left: 10px !important;padding: 20px !important;background-color: rgba(255,255,255,0.3) !important;*background-color: rgb(255,255,255) !important;}"]Nec dubitamus multa iter quae et nos invenerat. Nec dubitamus multa iter quae et nos invenerat.[/dt_iconbox][dt_iconbox icon_type="icon-tablet-1" layout_type="5" iconbox_heading="MOBILE APPS" target="_blank" spy="none" scroll_delay="300" css=".vc_custom_1413252927596{margin-right: 10px !important;margin-left: 10px !important;padding: 20px !important;background-color: rgba(255,255,255,0.3) !important;*background-color: rgb(255,255,255) !important;}"]Nec dubitamus multa iter quae et nos invenerat. Nec dubitamus multa iter quae et nos invenerat.[/dt_iconbox][dt_iconbox icon_type="icon-download-outline" layout_type="5" iconbox_heading="PERPETUAL UPDATES" target="_blank" spy="none" scroll_delay="300" css=".vc_custom_1413252946731{margin-right: 10px !important;margin-left: 10px !important;padding: 20px !important;background-color: rgba(255,255,255,0.3) !important;*background-color: rgb(255,255,255) !important;}"]Nec dubitamus multa iter quae et nos invenerat. Nec dubitamus multa iter quae et nos invenerat.[/dt_iconbox][dt_iconbox icon_type="icon-chart-bar-outline" layout_type="5" iconbox_heading="STATISTICS" target="_blank" spy="none" scroll_delay="300" css=".vc_custom_1413252957880{margin-right: 10px !important;margin-left: 10px !important;padding: 20px !important;background-color: rgba(255,255,255,0.3) !important;*background-color: rgb(255,255,255) !important;}"]Nec dubitamus multa iter quae et nos invenerat. Nec dubitamus multa iter quae et nos invenerat.[/dt_iconbox][dt_iconbox icon_type="icon-eject-outline" layout_type="5" iconbox_heading="DATA PORTABILITY" target="_blank" spy="none" scroll_delay="300" css=".vc_custom_1413253009592{margin-right: 10px !important;margin-left: 10px !important;padding: 20px !important;background-color: rgba(255,255,255,0.3) !important;*background-color: rgb(255,255,255) !important;}"]Nec dubitamus multa iter quae et nos invenerat. Nec dubitamus multa iter quae et nos invenerat.[/dt_iconbox][/dt_carousel][/vc_column][/vc_row][vc_row css=".vc_custom_1413259219695{margin-top: 0px !important;margin-bottom: 0px !important;padding-top: 100px !important;padding-bottom: 100px !important;}" background_style="parallax" expanded="2" background_image="15"][vc_column width="1/1"][vc_row_inner][vc_column_inner width="1/2"][section_header use_decoration="1" layout_type="section-heading-thick-border" separator_position="left" main_heading="ABOUT US" text_align="left" font_size="xlarge" custom_font_size="42" font_style="default"][vc_column_text css_animation="left-to-right"]Mercedem aut nummos unde unde extricat, amaras. Fabio vel iudice vincam, sunt in culpa qui officia. Donec sed odio operae, eu vulputate felis rhoncus. Curabitur blandit tempus ardua ridiculus sed magna. Quam diu etiam furor iste tuus nos eludet. Praeterea iter est quasdam res quas ex communi.

Morbi odio eros, volutpat ut pharetra vitae, lobortis sed nibh. A communi observantia non est recedendum. Pellentesque habitant morbi tristique senectus et netus. Curabitur est gravida et libero vitae dictum. Morbi fringilla convallis sapien, id pulvinar odio volutpat.[/vc_column_text][/vc_column_inner][vc_column_inner width="1/2"][/vc_column_inner][/vc_row_inner][vc_row_inner][vc_column_inner width="1/4"][dt_iconbox icon_type="icon-camera-outline" layout_type="7" iconbox_heading="PHOTOGRAPHY" target="_blank" spy="uk-animation-slide-right" scroll_delay="300"]Donec sed odio operae, eu vulputate felis rhoncus. Praeterea iter est quasdam res quas ex communi. Tityre, tu patulae recubans sub tegmine.[/dt_iconbox][dt_iconbox icon_type="icon-download-outline" layout_type="7" iconbox_heading="UNLIMITED DOWNLOAD" target="_blank" spy="uk-animation-slide-right" scroll_delay="300"]Donec sed odio operae, eu vulputate felis rhoncus. Praeterea iter est quasdam res quas ex communi. Tityre, tu patulae recubans sub tegmine.[/dt_iconbox][/vc_column_inner][vc_column_inner width="1/4"][dt_iconbox icon_type="icon-attach-outline" layout_type="7" iconbox_heading="ATTACHED FILES" target="_blank" spy="uk-animation-slide-right" scroll_delay="300"]Donec sed odio operae, eu vulputate felis rhoncus. Praeterea iter est quasdam res quas ex communi. Tityre, tu patulae recubans sub tegmine.[/dt_iconbox][dt_iconbox icon_type="icon-chart-pie-outline" layout_type="7" iconbox_heading="CHARTS" target="_blank" spy="uk-animation-slide-right" scroll_delay="300"]Donec sed odio operae, eu vulputate felis rhoncus. Praeterea iter est quasdam res quas ex communi. Tityre, tu patulae recubans sub tegmine.[/dt_iconbox][/vc_column_inner][vc_column_inner width="1/4"][/vc_column_inner][vc_column_inner width="1/4"][/vc_column_inner][/vc_row_inner][/vc_column][/vc_row][vc_row expanded="1" background_style="cover" css=".vc_custom_1413352850985{background-color: #f2f2f2 !important;}"][vc_column width="1/2" el_class="equal-height"][vc_row_inner css=".vc_custom_1413340563445{margin-top: 100px !important;padding: 70px !important;}"][vc_column_inner width="1/1" el_class="table-cell"][section_header use_decoration="1" layout_type="section-heading-thick-border" separator_position="left" main_heading="OUR STORY" text_align="left" font_size="xlarge" custom_font_size="42" font_style="default"][vc_column_text css_animation="left-to-right"]Nihil hic munitissimus habendi senatus locus, nihil horum? Salutantibus vitae elit libero, a pharetra augue. Inmensae subtilitatis, obscuris et malesuada fames. Unam incolunt Belgae, aliam Aquitani, tertiam. Ab illo tempore, ab est sed immemorabili.

Maecenas sed diam eget risus varius blandit sit amet non magna. Sed posuere consectetur est at lobortis. Duis mollis, est non commodo luctus, nisi erat porttitor ligula, eget lacinia odio sem nec elit. Cras mattis consectetur purus sit amet fermentum. Vestibulum id ligula porta felis euismod semper. Etiam porta sem malesuada magna mollis euismod. Cum sociis natoque penatibus et magnis dis parturient montes, nascetur ridiculus mus. Aenean lacinia bibendum nulla sed consectetur. Aenean lacinia bibendum nulla sed consectetur. Aenean eu leo quam. Pellentesque ornare sem lacinia quam venenatis vestibulum. Cras mattis consectetur purus sit amet fermentum.[/vc_column_text][vc_column_text css_animation="right-to-left"][dt_button url="http://themeforest.net/item/zeyn-multipurpose-wordpress-theme/8848292?ref=deTheme" style="color-primary" size="btn-lg" skin="dark" target="_self"]READ MORE[/dt_button][/vc_column_text][/vc_column_inner][/vc_row_inner][/vc_column][vc_column width="1/2" el_class="equal-height" css=".vc_custom_1413270525351{padding-right: 0px !important;padding-left: 0px !important;}"][vc_row_inner css=".vc_custom_1413270478303{margin-bottom: 0px !important;}"][vc_column_inner width="1/1"][vc_single_image image="2322" alignment="center" border_color="grey" img_link_target="_self" image_hover="none" image_hover_type="default" img_size="full" css_animation="right-to-left"][/vc_column_inner][/vc_row_inner][vc_row_inner css=".vc_custom_1413270489368{margin-bottom: 0px !important;}"][vc_column_inner width="1/2" css=".vc_custom_1413275215866{padding-right: 0px !important;}"][vc_single_image image="2322" alignment="center" border_color="grey" img_link_target="_self" image_hover="none" image_hover_type="default" img_size="full" css_animation="right-to-left"][/vc_column_inner][vc_column_inner width="1/2" css=".vc_custom_1413275226889{padding-left: 0px !important;}"][vc_single_image image="2322" alignment="center" border_color="grey" img_link_target="_self" image_hover="none" image_hover_type="default" img_size="full" css_animation="right-to-left"][/vc_column_inner][/vc_row_inner][/vc_column][/vc_row][vc_row css=".vc_custom_1413355206498{padding-top: 100px !important;padding-bottom: 100px !important;}" background_style="cover"][vc_column width="1/1"][vc_row_inner][vc_column_inner width="1/2"][section_header use_decoration="1" layout_type="section-heading-thick-border" separator_position="left" main_heading="OUR SKILLS" text_align="left" font_size="xlarge" custom_font_size="42" font_style="default"][vc_column_text]Quis aute iure reprehenderit in voluptate velit esse. Nihil hic munitissimus habendi senatus locus, nihil horum? Magna pars studiorum, prodita quaerimus. Salutantibus vitae elit libero, a pharetra augue.[/vc_column_text][/vc_column_inner][vc_column_inner width="1/2"][/vc_column_inner][/vc_row_inner][vc_row_inner css=".vc_custom_1413355708251{margin-top: 100px !important;}"][vc_column_inner width="1/4" css=".vc_custom_1413350618348{padding-right: 50px !important;padding-left: 50px !important;}"][dt_circlebar_item title="PHOTOSHOP" value="97" unit="%" size="10" color="#bc9267"][/vc_column_inner][vc_column_inner width="1/4" css=".vc_custom_1413350650997{padding-right: 50px !important;padding-left: 50px !important;}"][dt_circlebar_item title="DEVELOPMENT" value="80" unit="%" size="10" color="#bc9267"][/vc_column_inner][vc_column_inner width="1/4" css=".vc_custom_1413350660195{padding-right: 50px !important;padding-left: 50px !important;}"][dt_circlebar_item title="MARKETING" value="70" unit="%" size="10" color="#bc9267"][/vc_column_inner][vc_column_inner width="1/4" css=".vc_custom_1413350690636{padding-right: 50px !important;padding-left: 50px !important;}"][dt_circlebar_item title="WRITING" value="60" unit="%" size="10" color="#bc9267"][/vc_column_inner][/vc_row_inner][/vc_column][/vc_row][vc_row][vc_column width="1/1"][rev_slider_vc alias="creative"][/vc_column][/vc_row][vc_row css=".vc_custom_1413430212444{padding-top: 100px !important;}" background_style="cover"][vc_column width="1/1"][vc_row_inner][vc_column_inner width="1/2"][section_header use_decoration="1" layout_type="section-heading-thick-border" separator_position="left" main_heading="RECENT WORKS" text_align="left" font_size="xlarge" custom_font_size="42" font_style="default"][vc_column_text css_animation="left-to-right"]Quis aute iure reprehenderit in voluptate velit esse. Nihil hic munitissimus habendi senatus locus, nihil horum? Magna pars studiorum, prodita quaerimus. Salutantibus vitae elit libero, a pharetra augue.[/vc_column_text][/vc_column_inner][vc_column_inner width="1/2"][/vc_column_inner][/vc_row_inner][/vc_column][/vc_row][vc_row expanded="1" background_style="cover" css=".vc_custom_1413430291994{margin-bottom: 100px !important;}"][vc_column width="1/1" css=".vc_custom_1413430279382{padding-top: 50px !important;padding-right: 0px !important;padding-left: 0px !important;}"][dt_portfolio layout="carousel" portfolio_cat="48" portfolio_num="12" speed="800" autoplay="0" spy="uk-animation-fade" scroll_delay="300" full_column="5" desktop_column="3" small_column="3" tablet_column="2" mobile_column="1" posts_per_page="3" show_link="yes" show_filter="no" column="4"][/vc_column][/vc_row][vc_row css=".vc_custom_1413439443532{margin-bottom: 100px !important;}" background_style="cover"][vc_column width="1/1"][vc_row_inner][vc_column_inner width="1/2"][section_header use_decoration="1" layout_type="section-heading-thick-border" separator_position="left" main_heading="WE ALSO LOVE TO WRITE" text_align="left" font_size="xlarge" custom_font_size="42" font_style="default"][vc_column_text css_animation="bottom-to-top"]Quis aute iure reprehenderit in voluptate velit esse. Nihil hic munitissimus habendi senatus locus, nihil horum? Magna pars studiorum, prodita quaerimus. Salutantibus vitae elit libero, a pharetra augue.[/vc_column_text][/vc_column_inner][vc_column_inner width="1/2"][/vc_column_inner][/vc_row_inner][vc_posts_grid loop="size:3|order_by:date|order:DESC" grid_link_target="_self" grid_layout_mode="fitRows" grid_columns_count="3" grid_thumb_size="large"][/vc_column][/vc_row][vc_row font_color="#ffffff" expanded="2" background_image="6" background_style="parallax" css=".vc_custom_1413440534279{margin-bottom: 0px !important;padding-top: 100px !important;padding-bottom: 100px !important;}"][vc_column width="1/1"][section_header use_decoration="1" layout_type="section-heading-thick-border" separator_position="left" main_heading="GET IN TOUCH" text_align="left" font_size="xlarge" custom_font_size="42" font_style="default" color="#ffffff" separator_color="#ffffff"][vc_column_text]
<ul class="list-unstyled list-inline">
	<li><i class="icon-location-3 dt-icon-circle"></i>Kuwukan Lapangan IIA</li>
	<li><i class="icon-phone dt-icon-circle"></i>7412345</li>
	<li><i class="icon-email dt-icon-circle"></i>support@detheme.com</li>
</ul>
[/vc_column_text][contact-form-7 id="2087"][/vc_column][/vc_row]]]></content:encoded>
		<excerpt:encoded><![CDATA[]]></excerpt:encoded>
		<wp:post_id>9416</wp:post_id>
		<wp:post_date>2014-10-01 04:07:25</wp:post_date>
		<wp:post_date_gmt>2014-10-01 04:07:25</wp:post_date_gmt>
		<wp:comment_status>open</wp:comment_status>
		<wp:ping_status>open</wp:ping_status>
		<wp:post_name>creative</wp:post_name>
		<wp:status>publish</wp:status>
		<wp:post_parent>0</wp:post_parent>
		<wp:menu_order>0</wp:menu_order>
		<wp:post_type>page</wp:post_type>
		<wp:post_password></wp:post_password>
		<wp:is_sticky>0</wp:is_sticky>
		<wp:postmeta>
			<wp:meta_key>_edit_last</wp:meta_key>
			<wp:meta_value><![CDATA[1]]></wp:meta_value>
		</wp:postmeta>
		<wp:postmeta>
			<wp:meta_key>_wp_page_template</wp:meta_key>
			<wp:meta_value><![CDATA[fullwidth.php]]></wp:meta_value>
		</wp:postmeta>
		<wp:postmeta>
			<wp:meta_key>_wpb_vc_js_status</wp:meta_key>
			<wp:meta_value><![CDATA[true]]></wp:meta_value>
		</wp:postmeta>
		<wp:postmeta>
			<wp:meta_key>_wpb_vc_js_interface_version</wp:meta_key>
			<wp:meta_value><![CDATA[2]]></wp:meta_value>
		</wp:postmeta>
		<wp:postmeta>
			<wp:meta_key>slide_template</wp:meta_key>
			<wp:meta_value><![CDATA[default]]></wp:meta_value>
		</wp:postmeta>
		<wp:postmeta>
			<wp:meta_key>_sidebar_position</wp:meta_key>
			<wp:meta_value><![CDATA[default]]></wp:meta_value>
		</wp:postmeta>
		<wp:postmeta>
			<wp:meta_key>_portfoliocolumn</wp:meta_key>
			<wp:meta_value><![CDATA[3]]></wp:meta_value>
		</wp:postmeta>
		<wp:postmeta>
			<wp:meta_key>_portfoliotype</wp:meta_key>
			<wp:meta_value><![CDATA[image]]></wp:meta_value>
		</wp:postmeta>
		<wp:postmeta>
			<wp:meta_key>_hide_lightbox</wp:meta_key>
			<wp:meta_value><![CDATA[]]></wp:meta_value>
		</wp:postmeta>
		<wp:postmeta>
			<wp:meta_key>_hide_title</wp:meta_key>
			<wp:meta_value><![CDATA[]]></wp:meta_value>
		</wp:postmeta>
		<wp:postmeta>
			<wp:meta_key>_hide_loader</wp:meta_key>
			<wp:meta_value><![CDATA[1]]></wp:meta_value>
		</wp:postmeta>
		<wp:postmeta>
			<wp:meta_key>_hide_popup</wp:meta_key>
			<wp:meta_value><![CDATA[]]></wp:meta_value>
		</wp:postmeta>
		<wp:postmeta>
			<wp:meta_key>_background_style</wp:meta_key>
			<wp:meta_value><![CDATA[default]]></wp:meta_value>
		</wp:postmeta>
		<wp:postmeta>
			<wp:meta_key>_page_background</wp:meta_key>
			<wp:meta_value><![CDATA[]]></wp:meta_value>
		</wp:postmeta>
		<wp:postmeta>
			<wp:meta_key>_meta_description</wp:meta_key>
			<wp:meta_value><![CDATA[]]></wp:meta_value>
		</wp:postmeta>
		<wp:postmeta>
			<wp:meta_key>_meta_keyword</wp:meta_key>
			<wp:meta_value><![CDATA[]]></wp:meta_value>
		</wp:postmeta>
		<wp:postmeta>
			<wp:meta_key>_meta_author</wp:meta_key>
			<wp:meta_value><![CDATA[]]></wp:meta_value>
		</wp:postmeta>
		<wp:postmeta>
			<wp:meta_key>_wpb_shortcodes_custom_css</wp:meta_key>
			<wp:meta_value><![CDATA[.vc_custom_1413437235041{margin-top: -90px !important;margin-bottom: 0px !important;}.vc_custom_1413437429730{margin-top: 0px !important;margin-bottom: 0px !important;padding-top: 100px !important;padding-bottom: 100px !important;}.vc_custom_1413189983210{margin-bottom: 0px !important;}.vc_custom_1413259034880{margin-top: 0px !important;margin-bottom: 0px !important;padding-top: 100px !important;padding-bottom: 100px !important;}.vc_custom_1413259219695{margin-top: 0px !important;margin-bottom: 0px !important;padding-top: 100px !important;padding-bottom: 100px !important;}.vc_custom_1413352850985{background-color: #f2f2f2 !important;}.vc_custom_1413355206498{padding-top: 100px !important;padding-bottom: 100px !important;}.vc_custom_1413430212444{padding-top: 100px !important;}.vc_custom_1413430291994{margin-bottom: 100px !important;}.vc_custom_1413439443532{margin-bottom: 100px !important;}.vc_custom_1413440534279{margin-bottom: 0px !important;padding-top: 100px !important;padding-bottom: 100px !important;}.vc_custom_1413442603264{margin-top: -15px !important;}.vc_custom_1413254204888{margin-bottom: 0px !important;}.vc_custom_1413254229866{padding-bottom: 30px !important;}.vc_custom_1413254217293{padding-bottom: 30px !important;}.vc_custom_1413254255572{padding-bottom: 30px !important;}.vc_custom_1413254267123{padding-bottom: 30px !important;}.vc_custom_1413252295437{margin-top: -30px !important;}.vc_custom_1413253065322{margin-top: -30px !important;}.vc_custom_1413253078236{margin-top: -30px !important;}.vc_custom_1413253091477{margin-top: -30px !important;}.vc_custom_1413270525351{padding-right: 0px !important;padding-left: 0px !important;}.vc_custom_1413340563445{margin-top: 100px !important;padding: 70px !important;}.vc_custom_1413270478303{margin-bottom: 0px !important;}.vc_custom_1413270489368{margin-bottom: 0px !important;}.vc_custom_1413275215866{padding-right: 0px !important;}.vc_custom_1413275226889{padding-left: 0px !important;}.vc_custom_1413355708251{margin-top: 100px !important;}.vc_custom_1413350618348{padding-right: 50px !important;padding-left: 50px !important;}.vc_custom_1413350650997{padding-right: 50px !important;padding-left: 50px !important;}.vc_custom_1413350660195{padding-right: 50px !important;padding-left: 50px !important;}.vc_custom_1413350690636{padding-right: 50px !important;padding-left: 50px !important;}.vc_custom_1413430279382{padding-top: 50px !important;padding-right: 0px !important;padding-left: 0px !important;}]]></wp:meta_value>
		</wp:postmeta>
		<wp:postmeta>
			<wp:meta_key>_wpb_post_custom_css</wp:meta_key>
			<wp:meta_value><![CDATA[.dt-counter-border {border-top:1px solid rgba(0,0,0, 0.1);}
.dt-counter-border .wpb_column {border-right:1px solid rgba(0,0,0, 0.1);}
.owl-carousel-container .owl-theme .owl-controls {
	margin-top:40px;
}
.dt-counto {
  font-family: josefin Slab;
  font-size: 60px
}
ul.align-center { text-align: center!important; }]]></wp:meta_value>
		</wp:postmeta>
	</item>
	<item>
		<title></title>
		<link>http://zeyn.detheme.com/9615/</link>
		<pubDate>Thu, 16 Oct 2014 07:04:24 +0000</pubDate>
		<dc:creator><![CDATA[admin]]></dc:creator>
		<guid isPermaLink="false">http://zeyn.detheme.com/?p=9615</guid>
		<description></description>
		<content:encoded><![CDATA[ ]]></content:encoded>
		<excerpt:encoded><![CDATA[]]></excerpt:encoded>
		<wp:post_id>9615</wp:post_id>
		<wp:post_date>2014-10-16 07:04:24</wp:post_date>
		<wp:post_date_gmt>2014-10-16 07:04:24</wp:post_date_gmt>
		<wp:comment_status>open</wp:comment_status>
		<wp:ping_status>open</wp:ping_status>
		<wp:post_name>9615</wp:post_name>
		<wp:status>publish</wp:status>
		<wp:post_parent>0</wp:post_parent>
		<wp:menu_order>2</wp:menu_order>
		<wp:post_type>nav_menu_item</wp:post_type>
		<wp:post_password></wp:post_password>
		<wp:is_sticky>0</wp:is_sticky>
		<category domain="nav_menu" nicename="main-menu"><![CDATA[Main Menu]]></category>
		<wp:postmeta>
			<wp:meta_key>_menu_item_type</wp:meta_key>
			<wp:meta_value><![CDATA[post_type]]></wp:meta_value>
		</wp:postmeta>
		<wp:postmeta>
			<wp:meta_key>_menu_item_menu_item_parent</wp:meta_key>
			<wp:meta_value><![CDATA[6644]]></wp:meta_value>
		</wp:postmeta>
		<wp:postmeta>
			<wp:meta_key>_menu_item_object_id</wp:meta_key>
			<wp:meta_value><![CDATA[9416]]></wp:meta_value>
		</wp:postmeta>
		<wp:postmeta>
			<wp:meta_key>_menu_item_object</wp:meta_key>
			<wp:meta_value><![CDATA[page]]></wp:meta_value>
		</wp:postmeta>
		<wp:postmeta>
			<wp:meta_key>_menu_item_target</wp:meta_key>
			<wp:meta_value><![CDATA[]]></wp:meta_value>
		</wp:postmeta>
		<wp:postmeta>
			<wp:meta_key>_menu_item_classes</wp:meta_key>
			<wp:meta_value><![CDATA[a:1:{i:0;s:0:"";}]]></wp:meta_value>
		</wp:postmeta>
		<wp:postmeta>
			<wp:meta_key>_menu_item_xfn</wp:meta_key>
			<wp:meta_value><![CDATA[]]></wp:meta_value>
		</wp:postmeta>
		<wp:postmeta>
			<wp:meta_key>_menu_item_url</wp:meta_key>
			<wp:meta_value><![CDATA[]]></wp:meta_value>
		</wp:postmeta>
		<wp:postmeta>
			<wp:meta_key>_menu_item_dt_megamenu</wp:meta_key>
			<wp:meta_value><![CDATA[nonactive]]></wp:meta_value>
		</wp:postmeta>
		<wp:postmeta>
			<wp:meta_key>_menu_item_dt_megamenu_description</wp:meta_key>
			<wp:meta_value><![CDATA[]]></wp:meta_value>
		</wp:postmeta>
		<wp:postmeta>
			<wp:meta_key>_menu_item_dt_megamenu_background_url</wp:meta_key>
			<wp:meta_value><![CDATA[]]></wp:meta_value>
		</wp:postmeta>
		<wp:postmeta>
			<wp:meta_key>_menu_item_dt_megamenu_background_horizontal_position</wp:meta_key>
			<wp:meta_value><![CDATA[]]></wp:meta_value>
		</wp:postmeta>
		<wp:postmeta>
			<wp:meta_key>_menu_item_dt_megamenu_background_vertical_position</wp:meta_key>
			<wp:meta_value><![CDATA[]]></wp:meta_value>
		</wp:postmeta>
		<wp:postmeta>
			<wp:meta_key>_menu_item_dt_megamenu_background_repeat</wp:meta_key>
			<wp:meta_value><![CDATA[]]></wp:meta_value>
		</wp:postmeta>
		<wp:postmeta>
			<wp:meta_key>_menu_item_dt_megamenu_width_options</wp:meta_key>
			<wp:meta_value><![CDATA[full-dt-megamenu]]></wp:meta_value>
		</wp:postmeta>
		<wp:postmeta>
			<wp:meta_key>_menu_item_dt_megamenu_width</wp:meta_key>
			<wp:meta_value><![CDATA[]]></wp:meta_value>
		</wp:postmeta>
	</item>	
</channel>
</rss>
