{"last_tab":"","showtopbar":"0","dt-left-top-bar":"icon","dt-left-top-bar-menu":"","dt-left-top-bar-text":"Condimentum Aenean Pellentesque Ullamcorper Dapibus","dt-right-top-bar":"text","dt-right-top-bar-menu":"","dt-right-top-bar-text":"Nullam quis risus eget urna mollis ornare vel eu leo.","dt-show-header":"1","dt-main-menu":"","dt-header-type":"left","dt-menu-image-size":"default","dt-menu-image":{"url":"","id":"","height":"","width":"","thumbnail":""},"dt-menu-image-horizontal":"50","dt-menu-image-vertical":"100","dt-logo-top-padding":"100","dt-logo-top-margin-reveal":"0","show-header-searchmenu":"1","show-header-shoppingcart":"1","dt-sticky-menu":"1","dt-menu-height":"","dt-logo-width":"60","dt-logo-text":"detheme","dt-logo-margin":"13","dt-logo-leftmargin":"","homepage-background-type":"transparent","homepage-header-color":"#ffffff","homepage-header-font-color":"#ffffff","homepage-dt-logo-image":{"url":"http:\/\/zeyn.detheme.com\/wp-content\/uploads\/2014\/09\/zeyn_logo_80_white.png","id":"7264","height":"64","width":"80","thumbnail":"http:\/\/zeyn.detheme.com\/wp-content\/uploads\/2014\/09\/zeyn_logo_80_white.png"},"homepage-header-color-transparent":"#ffffff","homepage-header-font-color-transparent":"#222222","homepage-dt-logo-image-transparent":{"url":"http:\/\/zeyn.detheme.com\/wp-content\/uploads\/2014\/09\/zeyn_logo_60_black.png","id":"7265","height":"48","width":"60","thumbnail":"http:\/\/zeyn.detheme.com\/wp-content\/uploads\/2014\/09\/zeyn_logo_60_black.png"},"header-background-type":"transparent","header-color":"#000000","header-font-color":"#ffffff","dt-logo-image":{"url":"http:\/\/zeyn.detheme.com\/wp-content\/uploads\/2014\/09\/zeyn_logo_80_white.png","id":"7264","height":"64","width":"80","thumbnail":"http:\/\/zeyn.detheme.com\/wp-content\/uploads\/2014\/09\/zeyn_logo_80_white.png"},"header-color-transparent":"#ffffff","header-font-color-transparent":"#222222","dt-logo-image-transparent":{"url":"http:\/\/zeyn.detheme.com\/wp-content\/uploads\/2014\/09\/zeyn_logo_60_black.png","id":"7265","height":"48","width":"60","thumbnail":"http:\/\/zeyn.detheme.com\/wp-content\/uploads\/2014\/09\/zeyn_logo_60_black.png"},"show-banner-area":"1","dt-show-title-page":"1","title-color":"#ffffff","dt-show-banner-page":"featured","dt-banner-image":{"url":"http:\/\/detheme.com\/repo\/zeyn\/media\/2014\/01\/5.jpg","id":"15","height":"509","width":"1600","thumbnail":"http:\/\/detheme.com\/repo\/zeyn\/media\/2014\/01\/5-150x150.jpg"},"banner-color":"","dt-banner-height":"300px","dt-shop-banner-image":{"url":"http:\/\/detheme.com\/repo\/zeyn\/media\/2014\/01\/5.jpg","id":"15","height":"694","width":"1500","thumbnail":"http:\/\/detheme.com\/repo\/zeyn\/media\/2014\/01\/5-150x150.jpg"},"layout":"2","boxed_layout_activate":"0","boxed_layout_body_background_image":{"url":"","id":"","height":"","width":"","thumbnail":""},"boxed_layout_body_background_color":"#ffffff","boxed_layout_boxed_background_image":{"url":"","id":"","height":"","width":"","thumbnail":""},"boxed_layout_boxed_background_color":"#ffffff","dt-favicon-image":{"url":"","id":"","height":"50","width":"50","thumbnail":""},"lightbox_1st_on":"0","lightbox_1st_title":"Connect with us on Facebook","lightbox_1st_content":"","lightbox_1st_delay":"10","lightbox_1st_cookie":"1","page_loader":"1","dt_scrollingsidebar_on":"1","dt_scrollingsidebar_position":"right","dt_scrollingsidebar_margin":"20","exitpopup":"","page-comment-open":"0","dt-comment-open":"1","port-comment-open":"0","dt-404-text":"It's looking like you may have taken a wrong turn. Don't worry...it happens to the most of us.","dt-404-image":{"url":"","id":"","height":"","width":"","thumbnail":""},"dt-select-modal-effects":"","footer-text":"<h3 class=\"widget-title\">About ZEYN<\/h3>\r\n<p style=\"margin: 30px 0 25px;\">Cras mattis consectetur purus sit amet fermentum curabitur blandit tempus Integer posuere erat a ante venenatis dapibus posuere velit aliquet.Petierunt uti sibi concilium totius Galliae in diem certam indicere morbi leo risus, porta ac consectetur ac, vestibulum at eros.<\/p>\r\n<p>[dt_social facebook=\"#\" twitter=\"#\" gplus=\"#\" pinterest=\"#\" linkedin=\"#\" size=\"#\" shape=\"#\"]<\/p>","showfooterwidget":"1","dt-footer-widget-column":"3","footer-color":"#333333","footer-font-color":"#efefef","primary-color":"#f16338","secondary-color":"#f16338","primary-font":{"font-family":"Ubuntu","font-options":"{\"variants\":[{\"id\":\"300\",\"name\":\"Book+300\"},{\"id\":\"400\",\"name\":\"Normal+400\"},{\"id\":\"500\",\"name\":\"Medium+500\"},{\"id\":\"700\",\"name\":\"Bold+700\"},{\"id\":\"700italic\",\"name\":\"Bold+700+Italic\"}],\"subsets\":[{\"id\":\"latin-ext\",\"name\":\"Latin+Extended\"},{\"id\":\"greek\",\"name\":\"Greek\"},{\"id\":\"greek-ext\",\"name\":\"Greek+Extended\"},{\"id\":\"cyrillic-ext\",\"name\":\"Cyrillic+Extended\"},{\"id\":\"cyrillic\",\"name\":\"Cyrillic\"},{\"id\":\"latin\",\"name\":\"Latin\"}]}","google":"true","subsets":"latin"},"secondary-font":{"font-family":"Raleway","font-options":"{\"variants\":[{\"id\":\"100\",\"name\":\"Ultra-Light+100\"},{\"id\":\"200\",\"name\":\"Light+200\"},{\"id\":\"300\",\"name\":\"Book+300\"},{\"id\":\"400\",\"name\":\"Normal+400\"},{\"id\":\"500\",\"name\":\"Medium+500\"},{\"id\":\"600\",\"name\":\"Semi-Bold+600\"},{\"id\":\"700\",\"name\":\"Bold+700\"},{\"id\":\"800\",\"name\":\"Extra-Bold+800\"},{\"id\":\"900\",\"name\":\"Ultra-Bold+900\"}],\"subsets\":[{\"id\":\"latin\",\"name\":\"Latin\"}]}","google":"true","font-weight":"700","font-style":"","subsets":"latin"},"section-font":{"font-family":"Raleway","font-options":"{\"variants\":[{\"id\":\"100\",\"name\":\"Ultra-Light+100\"},{\"id\":\"200\",\"name\":\"Light+200\"},{\"id\":\"300\",\"name\":\"Book+300\"},{\"id\":\"400\",\"name\":\"Normal+400\"},{\"id\":\"500\",\"name\":\"Medium+500\"},{\"id\":\"600\",\"name\":\"Semi-Bold+600\"},{\"id\":\"700\",\"name\":\"Bold+700\"},{\"id\":\"800\",\"name\":\"Extra-Bold+800\"},{\"id\":\"900\",\"name\":\"Ultra-Bold+900\"}],\"subsets\":[{\"id\":\"latin\",\"name\":\"Latin\"}]}","google":"true","font-weight":"700","font-style":"","subsets":"latin"},"tertiary-font":{"font-family":"Merriweather","font-options":"{\"variants\":[{\"id\":\"300\",\"name\":\"Book+300\"},{\"id\":\"400\",\"name\":\"Normal+400\"},{\"id\":\"700\",\"name\":\"Bold+700\"},{\"id\":\"900\",\"name\":\"Ultra-Bold+900\"},{\"id\":\"900italic\",\"name\":\"Ultra-Bold+900+Italic\"}],\"subsets\":[{\"id\":\"latin-ext\",\"name\":\"Latin+Extended\"},{\"id\":\"latin\",\"name\":\"Latin\"}]}","google":"true","font-weight":"300","font-style":"","subsets":"latin"},"heading-style":"uppercase","css-code":"                body{\r\nheight: 100%;\r\n}            ","js-code":"                jQuery(document).ready(function(){\r\n});            ","meta-author":"Djavaweb","meta-description":"Launch Your Wordpress Site in Minutes","meta-keyword":"omnipress, wordpress template, template, wordpress","footer-code":"","REDUX_imported":false,"devider-1":"","devider-2":"","devider-3":"","devider-4":"","devider-5":"","devider-42":"","devider-6":"","devider-7":"","devider-8":"","devider-9":"","devider-10":"","devider-11":"","devider-12":"","raw_new_info":"","REDUX_last_saved":1412047122,"footer-background-image":{"url":""},"redux-backup":"1"}