<?xml version="1.0" encoding="UTF-8" ?>
<!-- This is a WordPress eXtended RSS file generated by WordPress as an export of your site. -->
<!-- It contains information about your site's posts, pages, comments, categories, and other content. -->
<!-- You may use this file to transfer that content from one site to another. -->
<!-- This file is not intended to serve as a complete backup of your site. -->

<!-- To import this information into a WordPress site follow these steps: -->
<!-- 1. Log in to that site as an administrator. -->
<!-- 2. Go to Tools: Import in the WordPress admin panel. -->
<!-- 3. Install the "WordPress" importer from the list. -->
<!-- 4. Activate & Run Importer. -->
<!-- 5. Upload this file using the form provided on that page. -->
<!-- 6. You will first be asked to map the authors in this export file to users -->
<!--    on the site. For each author, you may choose to map to an -->
<!--    existing user on the site or to create a new user. -->
<!-- 7. WordPress will then import each of the posts, pages, comments, categories, etc. -->
<!--    contained in this file into your site. -->

<!-- generator="WordPress/4.0" created="2014-10-01 01:52" -->
<rss version="2.0"
	xmlns:excerpt="http://wordpress.org/export/1.2/excerpt/"
	xmlns:content="http://purl.org/rss/1.0/modules/content/"
	xmlns:wfw="http://wellformedweb.org/CommentAPI/"
	xmlns:dc="http://purl.org/dc/elements/1.1/"
	xmlns:wp="http://wordpress.org/export/1.2/"
>

<channel>
	<title>Zeyn</title>
	<link>http://zeyn.detheme.com</link>
	<description>Just another WordPress site</description>
	<pubDate>Wed, 01 Oct 2014 01:52:12 +0000</pubDate>
	<language>en-US</language>
	<wp:wxr_version>1.2</wp:wxr_version>
	<wp:base_site_url>http://zeyn.detheme.com</wp:base_site_url>
	<wp:base_blog_url>http://zeyn.detheme.com</wp:base_blog_url>

	<wp:author><wp:author_id>1</wp:author_id><wp:author_login>rio</wp:author_login><wp:author_email>yoneth@gmail.com</wp:author_email><wp:author_display_name><![CDATA[Admin]]></wp:author_display_name><wp:author_first_name><![CDATA[Rio]]></wp:author_first_name><wp:author_last_name><![CDATA[Asmara]]></wp:author_last_name></wp:author>


	<generator>http://wordpress.org/?v=4.0</generator>

	<item>
				<title>Contact form 1</title>
		<link>http://zeyn.detheme.com/?post_type=wpcf7_contact_form&#038;p=4</link>
		<pubDate>Fri, 22 Aug 2014 02:03:42 +0000</pubDate>
		<dc:creator><![CDATA[rio]]></dc:creator>
		<guid isPermaLink="false">http://zeyn.detheme.com/?post_type=wpcf7_contact_form&#038;p=4</guid>
		<description></description>
		<content:encoded><![CDATA[<p>Your Name (required)<br />
    [text* your-name] </p>

<p>Your Email (required)<br />
    [email* your-email] </p>

<p>Subject<br />
    [text your-subject] </p>

<p>Your Message<br />
    [textarea your-message] </p>

<p>[submit "Send"]</p>
[your-subject]
[your-name] <[your-email]>
From: [your-name] <[your-email]>
Subject: [your-subject]

Message Body:
[your-message]

--
This e-mail was sent from a contact form on Zeyn (http://zeyn.detheme.com)
rio@djavaweb.com


0

[your-subject]
[your-name] <[your-email]>
Message Body:
[your-message]

--
This e-mail was sent from a contact form on Zeyn (http://zeyn.detheme.com)
[your-email]


0
Your message was sent successfully. Thanks.
Failed to send your message. Please try later or contact the administrator by another method.
Validation errors occurred. Please confirm the fields and submit it again.
Failed to send your message. Please try later or contact the administrator by another method.
Please accept the terms to proceed.
Please fill the required field.]]></content:encoded>
		<excerpt:encoded><![CDATA[]]></excerpt:encoded>
		<wp:post_id>4</wp:post_id>
		<wp:post_date>2014-08-22 02:03:42</wp:post_date>
		<wp:post_date_gmt>2014-08-22 02:03:42</wp:post_date_gmt>
		<wp:comment_status>open</wp:comment_status>
		<wp:ping_status>open</wp:ping_status>
		<wp:post_name>contact-form-1</wp:post_name>
		<wp:status>publish</wp:status>
		<wp:post_parent>0</wp:post_parent>
		<wp:menu_order>0</wp:menu_order>
		<wp:post_type>wpcf7_contact_form</wp:post_type>
		<wp:post_password></wp:post_password>
		<wp:is_sticky>0</wp:is_sticky>
		<wp:postmeta>
			<wp:meta_key>_form</wp:meta_key>
			<wp:meta_value><![CDATA[<p>Your Name (required)<br />
    [text* your-name] </p>

<p>Your Email (required)<br />
    [email* your-email] </p>

<p>Subject<br />
    [text your-subject] </p>

<p>Your Message<br />
    [textarea your-message] </p>

<p>[submit "Send"]</p>]]></wp:meta_value>
		</wp:postmeta>
		<wp:postmeta>
			<wp:meta_key>_mail</wp:meta_key>
			<wp:meta_value><![CDATA[a:7:{s:7:"subject";s:14:"[your-subject]";s:6:"sender";s:26:"[your-name] <[your-email]>";s:4:"body";s:165:"From: [your-name] <[your-email]>
Subject: [your-subject]

Message Body:
[your-message]

--
This e-mail was sent from a contact form on Zeyn (http://zeyn.detheme.com)";s:9:"recipient";s:0:"";s:18:"additional_headers";s:0:"";s:11:"attachments";s:0:"";s:8:"use_html";i:0;}]]></wp:meta_value>
		</wp:postmeta>
		<wp:postmeta>
			<wp:meta_key>_mail_2</wp:meta_key>
			<wp:meta_value><![CDATA[a:8:{s:6:"active";b:0;s:7:"subject";s:14:"[your-subject]";s:6:"sender";s:26:"[your-name] <[your-email]>";s:4:"body";s:107:"Message Body:
[your-message]

--
This e-mail was sent from a contact form on Zeyn (http://zeyn.detheme.com)";s:9:"recipient";s:0:"";s:18:"additional_headers";s:0:"";s:11:"attachments";s:0:"";s:8:"use_html";i:0;}]]></wp:meta_value>
		</wp:postmeta>
		<wp:postmeta>
			<wp:meta_key>_messages</wp:meta_key>
			<wp:meta_value><![CDATA[a:6:{s:12:"mail_sent_ok";s:43:"Your message was sent successfully. Thanks.";s:12:"mail_sent_ng";s:93:"Failed to send your message. Please try later or contact the administrator by another method.";s:16:"validation_error";s:74:"Validation errors occurred. Please confirm the fields and submit it again.";s:4:"spam";s:93:"Failed to send your message. Please try later or contact the administrator by another method.";s:12:"accept_terms";s:35:"Please accept the terms to proceed.";s:16:"invalid_required";s:31:"Please fill the required field.";}]]></wp:meta_value>
		</wp:postmeta>
		<wp:postmeta>
			<wp:meta_key>_additional_settings</wp:meta_key>
			<wp:meta_value><![CDATA[]]></wp:meta_value>
		</wp:postmeta>
		<wp:postmeta>
			<wp:meta_key>_locale</wp:meta_key>
			<wp:meta_value><![CDATA[en_US]]></wp:meta_value>
		</wp:postmeta>
	</item>
	<item>
				<title>Demo Contact on Dark</title>
		<link>http://zeyn.detheme.com/?post_type=wpcf7_contact_form&#038;p=2087</link>
		<pubDate>Wed, 14 May 2014 05:32:59 +0000</pubDate>
		<dc:creator><![CDATA[rio]]></dc:creator>
		<guid isPermaLink="false">http://mnemonic.detheme.com/?post_type=wpcf7_contact_form&#038;p=2087</guid>
		<description></description>
		<content:encoded><![CDATA[<div class="row dt-contact-form on-dark">
	<div class="col-xs-12 col-sm-6">
		[text* your-name class:form-control placeholder "Your Name"]
		[email* your-email class:form-control placeholder "Email"]
		[text your-subject class:form-control placeholder "Subject"]
	</div>
	<div class="col-xs-12 col-sm-6">
		[textarea* your-message x4 class:form-control placeholder "Message" ]
		[submit "Send Message" class:btn-color-primary]
	</div>
</div>















Your message was sent successfully. Thanks.
Failed to send your message. Please try later or contact the administrator by another method.
Validation errors occurred. Please confirm the fields and submit it again.
Failed to send your message. Please try later or contact the administrator by another method.
Please accept the terms to proceed.
Please fill the required field.
Your entered code is incorrect.
Number format seems invalid.
This number is too small.
This number is too large.
Email address seems invalid.
URL seems invalid.
Telephone number seems invalid.
Your answer is not correct.
Date format seems invalid.
This date is too early.
This date is too late.
Failed to upload file.
This file type is not allowed.
This file is too large.
Failed to upload file. Error occurred.]]></content:encoded>
		<excerpt:encoded><![CDATA[]]></excerpt:encoded>
		<wp:post_id>2087</wp:post_id>
		<wp:post_date>2014-05-14 05:32:59</wp:post_date>
		<wp:post_date_gmt>2014-05-14 05:32:59</wp:post_date_gmt>
		<wp:comment_status>open</wp:comment_status>
		<wp:ping_status>open</wp:ping_status>
		<wp:post_name>contact-form-1-2</wp:post_name>
		<wp:status>publish</wp:status>
		<wp:post_parent>0</wp:post_parent>
		<wp:menu_order>0</wp:menu_order>
		<wp:post_type>wpcf7_contact_form</wp:post_type>
		<wp:post_password></wp:post_password>
		<wp:is_sticky>0</wp:is_sticky>
		<wp:postmeta>
			<wp:meta_key>_sidebar_position</wp:meta_key>
			<wp:meta_value><![CDATA[]]></wp:meta_value>
		</wp:postmeta>
		<wp:postmeta>
			<wp:meta_key>_portfoliocolumn</wp:meta_key>
			<wp:meta_value><![CDATA[]]></wp:meta_value>
		</wp:postmeta>
		<wp:postmeta>
			<wp:meta_key>_portfoliotype</wp:meta_key>
			<wp:meta_value><![CDATA[]]></wp:meta_value>
		</wp:postmeta>
		<wp:postmeta>
			<wp:meta_key>_customtitle</wp:meta_key>
			<wp:meta_value><![CDATA[]]></wp:meta_value>
		</wp:postmeta>
		<wp:postmeta>
			<wp:meta_key>_hide_title</wp:meta_key>
			<wp:meta_value><![CDATA[]]></wp:meta_value>
		</wp:postmeta>
		<wp:postmeta>
			<wp:meta_key>_form</wp:meta_key>
			<wp:meta_value><![CDATA[<div class="row dt-contact-form on-dark">
	<div class="col-xs-12 col-sm-6">
		[text* your-name class:form-control placeholder "Your Name"]
		[email* your-email class:form-control placeholder "Email"]
		[text your-subject class:form-control placeholder "Subject"]
	</div>
	<div class="col-xs-12 col-sm-6">
		[textarea* your-message x4 class:form-control placeholder "Message" ]
		[submit "Send Message" class:btn-color-primary]
	</div>
</div>]]></wp:meta_value>
		</wp:postmeta>
		<wp:postmeta>
			<wp:meta_key>_mail</wp:meta_key>
			<wp:meta_value><![CDATA[a:7:{s:7:"subject";s:0:"";s:6:"sender";s:0:"";s:4:"body";s:0:"";s:9:"recipient";s:0:"";s:18:"additional_headers";s:0:"";s:11:"attachments";s:0:"";s:8:"use_html";b:0;}]]></wp:meta_value>
		</wp:postmeta>
		<wp:postmeta>
			<wp:meta_key>_mail_2</wp:meta_key>
			<wp:meta_value><![CDATA[a:8:{s:6:"active";b:0;s:7:"subject";s:0:"";s:6:"sender";s:0:"";s:4:"body";s:0:"";s:9:"recipient";s:0:"";s:18:"additional_headers";s:0:"";s:11:"attachments";s:0:"";s:8:"use_html";b:0;}]]></wp:meta_value>
		</wp:postmeta>
		<wp:postmeta>
			<wp:meta_key>_messages</wp:meta_key>
			<wp:meta_value><![CDATA[a:21:{s:12:"mail_sent_ok";s:43:"Your message was sent successfully. Thanks.";s:12:"mail_sent_ng";s:93:"Failed to send your message. Please try later or contact the administrator by another method.";s:16:"validation_error";s:74:"Validation errors occurred. Please confirm the fields and submit it again.";s:4:"spam";s:93:"Failed to send your message. Please try later or contact the administrator by another method.";s:12:"accept_terms";s:35:"Please accept the terms to proceed.";s:16:"invalid_required";s:31:"Please fill the required field.";s:17:"captcha_not_match";s:31:"Your entered code is incorrect.";s:14:"invalid_number";s:28:"Number format seems invalid.";s:16:"number_too_small";s:25:"This number is too small.";s:16:"number_too_large";s:25:"This number is too large.";s:13:"invalid_email";s:28:"Email address seems invalid.";s:11:"invalid_url";s:18:"URL seems invalid.";s:11:"invalid_tel";s:31:"Telephone number seems invalid.";s:23:"quiz_answer_not_correct";s:27:"Your answer is not correct.";s:12:"invalid_date";s:26:"Date format seems invalid.";s:14:"date_too_early";s:23:"This date is too early.";s:13:"date_too_late";s:22:"This date is too late.";s:13:"upload_failed";s:22:"Failed to upload file.";s:24:"upload_file_type_invalid";s:30:"This file type is not allowed.";s:21:"upload_file_too_large";s:23:"This file is too large.";s:23:"upload_failed_php_error";s:38:"Failed to upload file. Error occurred.";}]]></wp:meta_value>
		</wp:postmeta>
		<wp:postmeta>
			<wp:meta_key>_additional_settings</wp:meta_key>
			<wp:meta_value><![CDATA[]]></wp:meta_value>
		</wp:postmeta>
		<wp:postmeta>
			<wp:meta_key>_locale</wp:meta_key>
			<wp:meta_value><![CDATA[en_US]]></wp:meta_value>
		</wp:postmeta>
		<wp:postmeta>
			<wp:meta_key>_hide_lightbox</wp:meta_key>
			<wp:meta_value><![CDATA[]]></wp:meta_value>
		</wp:postmeta>
		<wp:postmeta>
			<wp:meta_key>_hide_loader</wp:meta_key>
			<wp:meta_value><![CDATA[]]></wp:meta_value>
		</wp:postmeta>
	</item>
	<item>
				<title>Demo Contact on Light</title>
		<link>http://zeyn.detheme.com/?post_type=wpcf7_contact_form&#038;p=2847</link>
		<pubDate>Wed, 28 May 2014 03:08:08 +0000</pubDate>
		<dc:creator><![CDATA[rio]]></dc:creator>
		<guid isPermaLink="false">http://mnemonic.detheme.com/?post_type=wpcf7_contact_form&#038;p=2847</guid>
		<description></description>
		<content:encoded><![CDATA[<div class="row dt-contact-form on-light">
	<div class="col-xs-12 col-sm-6 margin_bottom_30">
		[text* your-name class:form-control placeholder "Your Name"]
		[email* your-email class:form-control placeholder "Email"]
		[text your-subject class:form-control placeholder "Subject"]
	</div>
	<div class="col-xs-12 col-sm-6">
		[textarea* your-message x4 class:form-control placeholder "Message" ]
		[submit "Send Message" class:btn-color-primary]
	</div>
</div>
[your-subject]
[your-name] <[your-email]>
From: [your-name] <[your-email]>
Subject: [your-subject]

Message Body:
[your-message]

--
This e-mail was sent from a contact form on Mnemonic (http://mnemonic.detheme.com)
rio@smara.biz





[your-subject]
[your-name] <[your-email]>
Message Body:
[your-message]

--
This e-mail was sent from a contact form on Mnemonic (http://mnemonic.detheme.com)
[your-email]




Your message was sent successfully. Thanks.
Failed to send your message. Please try later or contact the administrator by another method.
Validation errors occurred. Please confirm the fields and submit it again.
Failed to send your message. Please try later or contact the administrator by another method.
Please accept the terms to proceed.
Please fill the required field.
Your entered code is incorrect.
Number format seems invalid.
This number is too small.
This number is too large.
Email address seems invalid.
URL seems invalid.
Telephone number seems invalid.
Your answer is not correct.
Date format seems invalid.
This date is too early.
This date is too late.
Failed to upload file.
This file type is not allowed.
This file is too large.
Failed to upload file. Error occurred.]]></content:encoded>
		<excerpt:encoded><![CDATA[]]></excerpt:encoded>
		<wp:post_id>2847</wp:post_id>
		<wp:post_date>2014-05-28 03:08:08</wp:post_date>
		<wp:post_date_gmt>2014-05-28 03:08:08</wp:post_date_gmt>
		<wp:comment_status>open</wp:comment_status>
		<wp:ping_status>open</wp:ping_status>
		<wp:post_name>mnemonic-demo-contact-ii</wp:post_name>
		<wp:status>publish</wp:status>
		<wp:post_parent>0</wp:post_parent>
		<wp:menu_order>0</wp:menu_order>
		<wp:post_type>wpcf7_contact_form</wp:post_type>
		<wp:post_password></wp:post_password>
		<wp:is_sticky>0</wp:is_sticky>
		<wp:postmeta>
			<wp:meta_key>_sidebar_position</wp:meta_key>
			<wp:meta_value><![CDATA[]]></wp:meta_value>
		</wp:postmeta>
		<wp:postmeta>
			<wp:meta_key>_portfoliocolumn</wp:meta_key>
			<wp:meta_value><![CDATA[]]></wp:meta_value>
		</wp:postmeta>
		<wp:postmeta>
			<wp:meta_key>_portfoliotype</wp:meta_key>
			<wp:meta_value><![CDATA[]]></wp:meta_value>
		</wp:postmeta>
		<wp:postmeta>
			<wp:meta_key>_customtitle</wp:meta_key>
			<wp:meta_value><![CDATA[]]></wp:meta_value>
		</wp:postmeta>
		<wp:postmeta>
			<wp:meta_key>_hide_title</wp:meta_key>
			<wp:meta_value><![CDATA[]]></wp:meta_value>
		</wp:postmeta>
		<wp:postmeta>
			<wp:meta_key>_form</wp:meta_key>
			<wp:meta_value><![CDATA[<div class="row dt-contact-form on-light">
	<div class="col-xs-12 col-sm-6 margin_bottom_30">
		[text* your-name class:form-control placeholder "Your Name"]
		[email* your-email class:form-control placeholder "Email"]
		[text your-subject class:form-control placeholder "Subject"]
	</div>
	<div class="col-xs-12 col-sm-6">
		[textarea* your-message x4 class:form-control placeholder "Message" ]
		[submit "Send Message" class:btn-color-primary]
	</div>
</div>]]></wp:meta_value>
		</wp:postmeta>
		<wp:postmeta>
			<wp:meta_key>_mail</wp:meta_key>
			<wp:meta_value><![CDATA[a:8:{s:7:"subject";s:14:"[your-subject]";s:6:"sender";s:26:"[your-name] <[your-email]>";s:4:"body";s:173:"From: [your-name] <[your-email]>
Subject: [your-subject]

Message Body:
[your-message]

--
This e-mail was sent from a contact form on Mnemonic (http://mnemonic.detheme.com)";s:9:"recipient";s:0:"";s:18:"additional_headers";s:0:"";s:11:"attachments";s:0:"";s:8:"use_html";b:0;s:13:"exclude_blank";b:0;}]]></wp:meta_value>
		</wp:postmeta>
		<wp:postmeta>
			<wp:meta_key>_mail_2</wp:meta_key>
			<wp:meta_value><![CDATA[a:9:{s:6:"active";b:0;s:7:"subject";s:14:"[your-subject]";s:6:"sender";s:26:"[your-name] <[your-email]>";s:4:"body";s:115:"Message Body:
[your-message]

--
This e-mail was sent from a contact form on Mnemonic (http://mnemonic.detheme.com)";s:9:"recipient";s:0:"";s:18:"additional_headers";s:0:"";s:11:"attachments";s:0:"";s:8:"use_html";b:0;s:13:"exclude_blank";b:0;}]]></wp:meta_value>
		</wp:postmeta>
		<wp:postmeta>
			<wp:meta_key>_messages</wp:meta_key>
			<wp:meta_value><![CDATA[a:21:{s:12:"mail_sent_ok";s:43:"Your message was sent successfully. Thanks.";s:12:"mail_sent_ng";s:93:"Failed to send your message. Please try later or contact the administrator by another method.";s:16:"validation_error";s:74:"Validation errors occurred. Please confirm the fields and submit it again.";s:4:"spam";s:93:"Failed to send your message. Please try later or contact the administrator by another method.";s:12:"accept_terms";s:35:"Please accept the terms to proceed.";s:16:"invalid_required";s:31:"Please fill the required field.";s:17:"captcha_not_match";s:31:"Your entered code is incorrect.";s:14:"invalid_number";s:28:"Number format seems invalid.";s:16:"number_too_small";s:25:"This number is too small.";s:16:"number_too_large";s:25:"This number is too large.";s:13:"invalid_email";s:28:"Email address seems invalid.";s:11:"invalid_url";s:18:"URL seems invalid.";s:11:"invalid_tel";s:31:"Telephone number seems invalid.";s:23:"quiz_answer_not_correct";s:27:"Your answer is not correct.";s:12:"invalid_date";s:26:"Date format seems invalid.";s:14:"date_too_early";s:23:"This date is too early.";s:13:"date_too_late";s:22:"This date is too late.";s:13:"upload_failed";s:22:"Failed to upload file.";s:24:"upload_file_type_invalid";s:30:"This file type is not allowed.";s:21:"upload_file_too_large";s:23:"This file is too large.";s:23:"upload_failed_php_error";s:38:"Failed to upload file. Error occurred.";}]]></wp:meta_value>
		</wp:postmeta>
		<wp:postmeta>
			<wp:meta_key>_additional_settings</wp:meta_key>
			<wp:meta_value><![CDATA[]]></wp:meta_value>
		</wp:postmeta>
		<wp:postmeta>
			<wp:meta_key>_locale</wp:meta_key>
			<wp:meta_value><![CDATA[en_US]]></wp:meta_value>
		</wp:postmeta>
		<wp:postmeta>
			<wp:meta_key>_hide_lightbox</wp:meta_key>
			<wp:meta_value><![CDATA[]]></wp:meta_value>
		</wp:postmeta>
		<wp:postmeta>
			<wp:meta_key>_hide_loader</wp:meta_key>
			<wp:meta_value><![CDATA[]]></wp:meta_value>
		</wp:postmeta>
	</item>
	<item>
				<title>Reservation</title>
		<link>http://zeyn.detheme.com/?post_type=wpcf7_contact_form&#038;p=7469</link>
		<pubDate>Wed, 03 Sep 2014 02:12:09 +0000</pubDate>
		<dc:creator><![CDATA[rio]]></dc:creator>
		<guid isPermaLink="false">http://zeyn.detheme.com/?post_type=wpcf7_contact_form&#038;p=7469</guid>
		<description></description>
		<content:encoded><![CDATA[<div class="dt-reservation">
<ul class="list-unstyled list-inline">
  <li>
  [select Date "1" "2" "3" "4" "5" "6" "7" "8" "9" "10" "11" "12" "13" "14" "15" "16" "17" "18" "19" "20" "21" "22" "23" "24" "25" "26" "27" "28" "29" "30" "31"]
  </li>
  <li>
  [select Month "January" "February" "March" "April " "May" "June" "July " "August" "September" "October" "November" "December"]
  </li>
  <li>
  [select Year "2014" "2015"]
  </li>
  <li>
[select Hour "01" "02" "03" "04" "05" "06" "07" "08" "09" "10" "11" "12" "13" "14" "15" "16" "17" "18" "19" "20" "21" "22" "23" "24"]
  </li>
  <li>
  [select Minute "00" "15" "30" "45"]
  </li>
</ul>
<div class="row">
 <div class="col-sm-8">
  [text* your-name placeholder "Name"] 
 </div>
 <div class="col-sm-4">
  [text* guest-number placeholder "No. of guest"] 
 </div>
</div>

[email* your-email  placeholder "Email Address"]
[tel Phone placeholder "Phone"]
[textarea your-message placeholder "Message"] 
[submit "Send"]
</div>
[your-subject]
[your-name] <[your-email]>
From: [your-name] <[your-email]>
Subject: [your-subject]

Reservation:
Date : [Date]
Month : [Month]
Year : [Year]
Hour : [Hour]
Minute : [Minute]

Guest Number : [guest-number]

Phone:
[Phone]

Message:
[your-message]
rio@djavaweb.com





[your-subject]
[your-name] <[your-email]>
Message Body:
[your-message]

--
This e-mail was sent from a contact form on Zeyn (http://zeyn.detheme.com)
[your-email]




Your message was sent successfully. Thanks.
Failed to send your message. Please try later or contact the administrator by another method.
Validation errors occurred. Please confirm the fields and submit it again.
Failed to send your message. Please try later or contact the administrator by another method.
Please accept the terms to proceed.
Please fill the required field.
Your entered code is incorrect.
Number format seems invalid.
This number is too small.
This number is too large.
Email address seems invalid.
URL seems invalid.
Telephone number seems invalid.
Your answer is not correct.
Date format seems invalid.
This date is too early.
This date is too late.
Failed to upload file.
This file type is not allowed.
This file is too large.
Failed to upload file. Error occurred.]]></content:encoded>
		<excerpt:encoded><![CDATA[]]></excerpt:encoded>
		<wp:post_id>7469</wp:post_id>
		<wp:post_date>2014-09-03 02:12:09</wp:post_date>
		<wp:post_date_gmt>2014-09-03 02:12:09</wp:post_date_gmt>
		<wp:comment_status>open</wp:comment_status>
		<wp:ping_status>open</wp:ping_status>
		<wp:post_name>reservation</wp:post_name>
		<wp:status>publish</wp:status>
		<wp:post_parent>0</wp:post_parent>
		<wp:menu_order>0</wp:menu_order>
		<wp:post_type>wpcf7_contact_form</wp:post_type>
		<wp:post_password></wp:post_password>
		<wp:is_sticky>0</wp:is_sticky>
		<wp:postmeta>
			<wp:meta_key>_form</wp:meta_key>
			<wp:meta_value><![CDATA[<div class="dt-reservation">
<ul class="list-unstyled list-inline">
  <li>
  [select Date "1" "2" "3" "4" "5" "6" "7" "8" "9" "10" "11" "12" "13" "14" "15" "16" "17" "18" "19" "20" "21" "22" "23" "24" "25" "26" "27" "28" "29" "30" "31"]
  </li>
  <li>
  [select Month "January" "February" "March" "April " "May" "June" "July " "August" "September" "October" "November" "December"]
  </li>
  <li>
  [select Year "2014" "2015"]
  </li>
  <li>
[select Hour "01" "02" "03" "04" "05" "06" "07" "08" "09" "10" "11" "12" "13" "14" "15" "16" "17" "18" "19" "20" "21" "22" "23" "24"]
  </li>
  <li>
  [select Minute "00" "15" "30" "45"]
  </li>
</ul>
<div class="row">
 <div class="col-sm-8">
  [text* your-name placeholder "Name"] 
 </div>
 <div class="col-sm-4">
  [text* guest-number placeholder "No. of guest"] 
 </div>
</div>

[email* your-email  placeholder "Email Address"]
[tel Phone placeholder "Phone"]
[textarea your-message placeholder "Message"] 
[submit "Send"]
</div>]]></wp:meta_value>
		</wp:postmeta>
		<wp:postmeta>
			<wp:meta_key>_mail</wp:meta_key>
			<wp:meta_value><![CDATA[a:8:{s:7:"subject";s:14:"[your-subject]";s:6:"sender";s:26:"[your-name] <[your-email]>";s:4:"body";s:218:"From: [your-name] <[your-email]>
Subject: [your-subject]

Reservation:
Date : [Date]
Month : [Month]
Year : [Year]
Hour : [Hour]
Minute : [Minute]

Guest Number : [guest-number]

Phone:
[Phone]

Message:
[your-message]";s:9:"recipient";s:0:"";s:18:"additional_headers";s:0:"";s:11:"attachments";s:0:"";s:8:"use_html";b:0;s:13:"exclude_blank";b:0;}]]></wp:meta_value>
		</wp:postmeta>
		<wp:postmeta>
			<wp:meta_key>_mail_2</wp:meta_key>
			<wp:meta_value><![CDATA[a:9:{s:6:"active";b:0;s:7:"subject";s:14:"[your-subject]";s:6:"sender";s:26:"[your-name] <[your-email]>";s:4:"body";s:107:"Message Body:
[your-message]

--
This e-mail was sent from a contact form on Zeyn (http://zeyn.detheme.com)";s:9:"recipient";s:0:"";s:18:"additional_headers";s:0:"";s:11:"attachments";s:0:"";s:8:"use_html";b:0;s:13:"exclude_blank";b:0;}]]></wp:meta_value>
		</wp:postmeta>
		<wp:postmeta>
			<wp:meta_key>_messages</wp:meta_key>
			<wp:meta_value><![CDATA[a:21:{s:12:"mail_sent_ok";s:43:"Your message was sent successfully. Thanks.";s:12:"mail_sent_ng";s:93:"Failed to send your message. Please try later or contact the administrator by another method.";s:16:"validation_error";s:74:"Validation errors occurred. Please confirm the fields and submit it again.";s:4:"spam";s:93:"Failed to send your message. Please try later or contact the administrator by another method.";s:12:"accept_terms";s:35:"Please accept the terms to proceed.";s:16:"invalid_required";s:31:"Please fill the required field.";s:17:"captcha_not_match";s:31:"Your entered code is incorrect.";s:14:"invalid_number";s:28:"Number format seems invalid.";s:16:"number_too_small";s:25:"This number is too small.";s:16:"number_too_large";s:25:"This number is too large.";s:13:"invalid_email";s:28:"Email address seems invalid.";s:11:"invalid_url";s:18:"URL seems invalid.";s:11:"invalid_tel";s:31:"Telephone number seems invalid.";s:23:"quiz_answer_not_correct";s:27:"Your answer is not correct.";s:12:"invalid_date";s:26:"Date format seems invalid.";s:14:"date_too_early";s:23:"This date is too early.";s:13:"date_too_late";s:22:"This date is too late.";s:13:"upload_failed";s:22:"Failed to upload file.";s:24:"upload_file_type_invalid";s:30:"This file type is not allowed.";s:21:"upload_file_too_large";s:23:"This file is too large.";s:23:"upload_failed_php_error";s:38:"Failed to upload file. Error occurred.";}]]></wp:meta_value>
		</wp:postmeta>
		<wp:postmeta>
			<wp:meta_key>_additional_settings</wp:meta_key>
			<wp:meta_value><![CDATA[]]></wp:meta_value>
		</wp:postmeta>
		<wp:postmeta>
			<wp:meta_key>_locale</wp:meta_key>
			<wp:meta_value><![CDATA[en_US]]></wp:meta_value>
		</wp:postmeta>
	</item>
	<item>
				<title>Appointment</title>
		<link>http://zeyn.detheme.com/?post_type=wpcf7_contact_form&#038;p=7481</link>
		<pubDate>Wed, 03 Sep 2014 03:02:37 +0000</pubDate>
		<dc:creator><![CDATA[rio]]></dc:creator>
		<guid isPermaLink="false">http://zeyn.detheme.com/?post_type=wpcf7_contact_form&#038;p=7481</guid>
		<description></description>
		<content:encoded><![CDATA[<div class="dt-reservation">
<ul class="list-unstyled list-inline">
  <li>
  [select Date "1" "2" "3" "4" "5" "6" "7" "8" "9" "10" "11" "12" "13" "14" "15" "16" "17" "18" "19" "20" "21" "22" "23" "24" "25" "26" "27" "28" "29" "30" "31"]
  </li>
  <li>
  [select Month "January" "February" "March" "April " "May" "June" "July " "August" "September" "October" "November" "December"]
  </li>
  <li>
  [select Year "2014" "2015"]
  </li>
  <li>
[select Hour "01" "02" "03" "04" "05" "06" "07" "08" "09" "10" "11" "12" "13" "14" "15" "16" "17" "18" "19" "20" "21" "22" "23" "24"]
  </li>
  <li>
  [select Minute "00" "15" "30" "45"]
  </li>
</ul>

[text* your-name placeholder "Name"] 
[email* your-email  placeholder "Email Address"]
[tel Phone placeholder "Phone"]
[textarea your-message placeholder "Message"] 
[submit "SEND"]
</div>
[your-subject]
[your-name] <[your-email]>
From: [your-name] <[your-email]>
Subject: [your-subject]

Appoinment:
Date : [Date]
Month : [Month]
Year : [Year]
Hour : [Hour]
Minute : [Minute]


Phone:
[Phone]

Message Body:
[your-message]
rio@djavaweb.com





[your-subject]
[your-name] <[your-email]>
Message Body:
[your-message]

--
This e-mail was sent from a contact form on Zeyn (http://zeyn.detheme.com)
[your-email]




Your message was sent successfully. Thanks.
Failed to send your message. Please try later or contact the administrator by another method.
Validation errors occurred. Please confirm the fields and submit it again.
Failed to send your message. Please try later or contact the administrator by another method.
Please accept the terms to proceed.
Please fill the required field.
Your entered code is incorrect.
Number format seems invalid.
This number is too small.
This number is too large.
Email address seems invalid.
URL seems invalid.
Telephone number seems invalid.
Your answer is not correct.
Date format seems invalid.
This date is too early.
This date is too late.
Failed to upload file.
This file type is not allowed.
This file is too large.
Failed to upload file. Error occurred.]]></content:encoded>
		<excerpt:encoded><![CDATA[]]></excerpt:encoded>
		<wp:post_id>7481</wp:post_id>
		<wp:post_date>2014-09-03 03:02:37</wp:post_date>
		<wp:post_date_gmt>2014-09-03 03:02:37</wp:post_date_gmt>
		<wp:comment_status>open</wp:comment_status>
		<wp:ping_status>open</wp:ping_status>
		<wp:post_name>reservation_copy</wp:post_name>
		<wp:status>publish</wp:status>
		<wp:post_parent>0</wp:post_parent>
		<wp:menu_order>0</wp:menu_order>
		<wp:post_type>wpcf7_contact_form</wp:post_type>
		<wp:post_password></wp:post_password>
		<wp:is_sticky>0</wp:is_sticky>
		<wp:postmeta>
			<wp:meta_key>_form</wp:meta_key>
			<wp:meta_value><![CDATA[<div class="dt-reservation">
<ul class="list-unstyled list-inline">
  <li>
  [select Date "1" "2" "3" "4" "5" "6" "7" "8" "9" "10" "11" "12" "13" "14" "15" "16" "17" "18" "19" "20" "21" "22" "23" "24" "25" "26" "27" "28" "29" "30" "31"]
  </li>
  <li>
  [select Month "January" "February" "March" "April " "May" "June" "July " "August" "September" "October" "November" "December"]
  </li>
  <li>
  [select Year "2014" "2015"]
  </li>
  <li>
[select Hour "01" "02" "03" "04" "05" "06" "07" "08" "09" "10" "11" "12" "13" "14" "15" "16" "17" "18" "19" "20" "21" "22" "23" "24"]
  </li>
  <li>
  [select Minute "00" "15" "30" "45"]
  </li>
</ul>

[text* your-name placeholder "Name"] 
[email* your-email  placeholder "Email Address"]
[tel Phone placeholder "Phone"]
[textarea your-message placeholder "Message"] 
[submit "SEND"]
</div>]]></wp:meta_value>
		</wp:postmeta>
		<wp:postmeta>
			<wp:meta_key>_mail</wp:meta_key>
			<wp:meta_value><![CDATA[a:8:{s:7:"subject";s:14:"[your-subject]";s:6:"sender";s:26:"[your-name] <[your-email]>";s:4:"body";s:192:"From: [your-name] <[your-email]>
Subject: [your-subject]

Appoinment:
Date : [Date]
Month : [Month]
Year : [Year]
Hour : [Hour]
Minute : [Minute]


Phone:
[Phone]

Message Body:
[your-message]";s:9:"recipient";s:0:"";s:18:"additional_headers";s:0:"";s:11:"attachments";s:0:"";s:8:"use_html";b:0;s:13:"exclude_blank";b:0;}]]></wp:meta_value>
		</wp:postmeta>
		<wp:postmeta>
			<wp:meta_key>_mail_2</wp:meta_key>
			<wp:meta_value><![CDATA[a:9:{s:6:"active";b:0;s:7:"subject";s:14:"[your-subject]";s:6:"sender";s:26:"[your-name] <[your-email]>";s:4:"body";s:107:"Message Body:
[your-message]

--
This e-mail was sent from a contact form on Zeyn (http://zeyn.detheme.com)";s:9:"recipient";s:0:"";s:18:"additional_headers";s:0:"";s:11:"attachments";s:0:"";s:8:"use_html";b:0;s:13:"exclude_blank";b:0;}]]></wp:meta_value>
		</wp:postmeta>
		<wp:postmeta>
			<wp:meta_key>_messages</wp:meta_key>
			<wp:meta_value><![CDATA[a:21:{s:12:"mail_sent_ok";s:43:"Your message was sent successfully. Thanks.";s:12:"mail_sent_ng";s:93:"Failed to send your message. Please try later or contact the administrator by another method.";s:16:"validation_error";s:74:"Validation errors occurred. Please confirm the fields and submit it again.";s:4:"spam";s:93:"Failed to send your message. Please try later or contact the administrator by another method.";s:12:"accept_terms";s:35:"Please accept the terms to proceed.";s:16:"invalid_required";s:31:"Please fill the required field.";s:17:"captcha_not_match";s:31:"Your entered code is incorrect.";s:14:"invalid_number";s:28:"Number format seems invalid.";s:16:"number_too_small";s:25:"This number is too small.";s:16:"number_too_large";s:25:"This number is too large.";s:13:"invalid_email";s:28:"Email address seems invalid.";s:11:"invalid_url";s:18:"URL seems invalid.";s:11:"invalid_tel";s:31:"Telephone number seems invalid.";s:23:"quiz_answer_not_correct";s:27:"Your answer is not correct.";s:12:"invalid_date";s:26:"Date format seems invalid.";s:14:"date_too_early";s:23:"This date is too early.";s:13:"date_too_late";s:22:"This date is too late.";s:13:"upload_failed";s:22:"Failed to upload file.";s:24:"upload_file_type_invalid";s:30:"This file type is not allowed.";s:21:"upload_file_too_large";s:23:"This file is too large.";s:23:"upload_failed_php_error";s:38:"Failed to upload file. Error occurred.";}]]></wp:meta_value>
		</wp:postmeta>
		<wp:postmeta>
			<wp:meta_key>_additional_settings</wp:meta_key>
			<wp:meta_value><![CDATA[]]></wp:meta_value>
		</wp:postmeta>
		<wp:postmeta>
			<wp:meta_key>_locale</wp:meta_key>
			<wp:meta_value><![CDATA[en_US]]></wp:meta_value>
		</wp:postmeta>
	</item>
	<item>
				<title>RSVP</title>
		<link>http://zeyn.detheme.com/?post_type=wpcf7_contact_form&#038;p=7606</link>
		<pubDate>Thu, 04 Sep 2014 07:25:16 +0000</pubDate>
		<dc:creator><![CDATA[rio]]></dc:creator>
		<guid isPermaLink="false">http://zeyn.detheme.com/?post_type=wpcf7_contact_form&#038;p=7606</guid>
		<description></description>
		<content:encoded><![CDATA[<div class="dt-rsvp-form">
Name
[text* your-name] 

Email
[email* your-email]
<div class="row">
<div class="col-sm-6">
  Guest
  [text* guest placeholder "1"] 
</div>
<div class="col-sm-6">
I am attending 
  [select Event "All Events" "Ceremony" "Party"]
</div>
</div>
<div class="text-center">[submit "I am Attending"] </div>
</div>
[your-subject]
[your-name] <[your-email]>
From: [your-name] <[your-email]>
Subject: RSVP

Message Body:
[your-message]

Guest :
[guest]

Event :
[Event]
rio@djavaweb.com





[your-subject]
[your-name] <[your-email]>
Message Body:
[your-message]

--
This e-mail was sent from a contact form on Zeyn (http://zeyn.detheme.com)
[your-email]




Your message was sent successfully. Thanks.
Failed to send your message. Please try later or contact the administrator by another method.
Validation errors occurred. Please confirm the fields and submit it again.
Failed to send your message. Please try later or contact the administrator by another method.
Please accept the terms to proceed.
Please fill the required field.
Your entered code is incorrect.
Number format seems invalid.
This number is too small.
This number is too large.
Email address seems invalid.
URL seems invalid.
Telephone number seems invalid.
Your answer is not correct.
Date format seems invalid.
This date is too early.
This date is too late.
Failed to upload file.
This file type is not allowed.
This file is too large.
Failed to upload file. Error occurred.]]></content:encoded>
		<excerpt:encoded><![CDATA[]]></excerpt:encoded>
		<wp:post_id>7606</wp:post_id>
		<wp:post_date>2014-09-04 07:25:16</wp:post_date>
		<wp:post_date_gmt>2014-09-04 07:25:16</wp:post_date_gmt>
		<wp:comment_status>open</wp:comment_status>
		<wp:ping_status>open</wp:ping_status>
		<wp:post_name>rsvp</wp:post_name>
		<wp:status>publish</wp:status>
		<wp:post_parent>0</wp:post_parent>
		<wp:menu_order>0</wp:menu_order>
		<wp:post_type>wpcf7_contact_form</wp:post_type>
		<wp:post_password></wp:post_password>
		<wp:is_sticky>0</wp:is_sticky>
		<wp:postmeta>
			<wp:meta_key>_form</wp:meta_key>
			<wp:meta_value><![CDATA[<div class="dt-rsvp-form">
Name
[text* your-name] 

Email
[email* your-email]
<div class="row">
<div class="col-sm-6">
  Guest
  [text* guest placeholder "1"] 
</div>
<div class="col-sm-6">
I am attending 
  [select Event "All Events" "Ceremony" "Party"]
</div>
</div>
<div class="text-center">[submit "I am Attending"] </div>
</div>]]></wp:meta_value>
		</wp:postmeta>
		<wp:postmeta>
			<wp:meta_key>_mail</wp:meta_key>
			<wp:meta_value><![CDATA[a:8:{s:7:"subject";s:14:"[your-subject]";s:6:"sender";s:26:"[your-name] <[your-email]>";s:4:"body";s:110:"From: [your-name] <[your-email]>
Subject: RSVP

Message Body:
[your-message]

Guest :
[guest]

Event :
[Event]";s:9:"recipient";s:0:"";s:18:"additional_headers";s:0:"";s:11:"attachments";s:0:"";s:8:"use_html";b:0;s:13:"exclude_blank";b:0;}]]></wp:meta_value>
		</wp:postmeta>
		<wp:postmeta>
			<wp:meta_key>_mail_2</wp:meta_key>
			<wp:meta_value><![CDATA[a:9:{s:6:"active";b:0;s:7:"subject";s:14:"[your-subject]";s:6:"sender";s:26:"[your-name] <[your-email]>";s:4:"body";s:107:"Message Body:
[your-message]

--
This e-mail was sent from a contact form on Zeyn (http://zeyn.detheme.com)";s:9:"recipient";s:0:"";s:18:"additional_headers";s:0:"";s:11:"attachments";s:0:"";s:8:"use_html";b:0;s:13:"exclude_blank";b:0;}]]></wp:meta_value>
		</wp:postmeta>
		<wp:postmeta>
			<wp:meta_key>_messages</wp:meta_key>
			<wp:meta_value><![CDATA[a:21:{s:12:"mail_sent_ok";s:43:"Your message was sent successfully. Thanks.";s:12:"mail_sent_ng";s:93:"Failed to send your message. Please try later or contact the administrator by another method.";s:16:"validation_error";s:74:"Validation errors occurred. Please confirm the fields and submit it again.";s:4:"spam";s:93:"Failed to send your message. Please try later or contact the administrator by another method.";s:12:"accept_terms";s:35:"Please accept the terms to proceed.";s:16:"invalid_required";s:31:"Please fill the required field.";s:17:"captcha_not_match";s:31:"Your entered code is incorrect.";s:14:"invalid_number";s:28:"Number format seems invalid.";s:16:"number_too_small";s:25:"This number is too small.";s:16:"number_too_large";s:25:"This number is too large.";s:13:"invalid_email";s:28:"Email address seems invalid.";s:11:"invalid_url";s:18:"URL seems invalid.";s:11:"invalid_tel";s:31:"Telephone number seems invalid.";s:23:"quiz_answer_not_correct";s:27:"Your answer is not correct.";s:12:"invalid_date";s:26:"Date format seems invalid.";s:14:"date_too_early";s:23:"This date is too early.";s:13:"date_too_late";s:22:"This date is too late.";s:13:"upload_failed";s:22:"Failed to upload file.";s:24:"upload_file_type_invalid";s:30:"This file type is not allowed.";s:21:"upload_file_too_large";s:23:"This file is too large.";s:23:"upload_failed_php_error";s:38:"Failed to upload file. Error occurred.";}]]></wp:meta_value>
		</wp:postmeta>
		<wp:postmeta>
			<wp:meta_key>_additional_settings</wp:meta_key>
			<wp:meta_value><![CDATA[]]></wp:meta_value>
		</wp:postmeta>
		<wp:postmeta>
			<wp:meta_key>_locale</wp:meta_key>
			<wp:meta_value><![CDATA[en_US]]></wp:meta_value>
		</wp:postmeta>
	</item>
	<item>
				<title>Demo Contact on Light II</title>
		<link>http://zeyn.detheme.com/?post_type=wpcf7_contact_form&#038;p=8645</link>
		<pubDate>Wed, 17 Sep 2014 07:26:44 +0000</pubDate>
		<dc:creator><![CDATA[rio]]></dc:creator>
		<guid isPermaLink="false">http://zeyn.detheme.com/?post_type=wpcf7_contact_form&#038;p=8645</guid>
		<description></description>
		<content:encoded><![CDATA[<div class="dt-contact-form on-light">

[text* your-name class:form-control placeholder "Your Name"]
[email* your-email class:form-control placeholder "Email"]
[textarea* your-message x4 class:form-control placeholder "Message" ]
[submit "Send Message" class:btn-color-primary]

</div>
[your-subject]
[your-name] <[your-email]>
From: [your-name] <[your-email]>
Subject: [your-subject]

Message Body:
[your-message]

--
This e-mail was sent from a contact form on Mnemonic (http://mnemonic.detheme.com)
rio@smara.biz





[your-subject]
[your-name] <[your-email]>
Message Body:
[your-message]

--
This e-mail was sent from a contact form on Mnemonic (http://mnemonic.detheme.com)
[your-email]




Your message was sent successfully. Thanks.
Failed to send your message. Please try later or contact the administrator by another method.
Validation errors occurred. Please confirm the fields and submit it again.
Failed to send your message. Please try later or contact the administrator by another method.
Please accept the terms to proceed.
Please fill the required field.
Your entered code is incorrect.
Number format seems invalid.
This number is too small.
This number is too large.
Email address seems invalid.
URL seems invalid.
Telephone number seems invalid.
Your answer is not correct.
Date format seems invalid.
This date is too early.
This date is too late.
Failed to upload file.
This file type is not allowed.
This file is too large.
Failed to upload file. Error occurred.]]></content:encoded>
		<excerpt:encoded><![CDATA[]]></excerpt:encoded>
		<wp:post_id>8645</wp:post_id>
		<wp:post_date>2014-09-17 07:26:44</wp:post_date>
		<wp:post_date_gmt>2014-09-17 07:26:44</wp:post_date_gmt>
		<wp:comment_status>open</wp:comment_status>
		<wp:ping_status>open</wp:ping_status>
		<wp:post_name>demo-contact-on-light_copy</wp:post_name>
		<wp:status>publish</wp:status>
		<wp:post_parent>0</wp:post_parent>
		<wp:menu_order>0</wp:menu_order>
		<wp:post_type>wpcf7_contact_form</wp:post_type>
		<wp:post_password></wp:post_password>
		<wp:is_sticky>0</wp:is_sticky>
		<wp:postmeta>
			<wp:meta_key>_form</wp:meta_key>
			<wp:meta_value><![CDATA[<div class="dt-contact-form on-light">

[text* your-name class:form-control placeholder "Your Name"]
[email* your-email class:form-control placeholder "Email"]
[textarea* your-message x4 class:form-control placeholder "Message" ]
[submit "Send Message" class:btn-color-primary]

</div>]]></wp:meta_value>
		</wp:postmeta>
		<wp:postmeta>
			<wp:meta_key>_mail</wp:meta_key>
			<wp:meta_value><![CDATA[a:8:{s:7:"subject";s:14:"[your-subject]";s:6:"sender";s:26:"[your-name] <[your-email]>";s:4:"body";s:173:"From: [your-name] <[your-email]>
Subject: [your-subject]

Message Body:
[your-message]

--
This e-mail was sent from a contact form on Mnemonic (http://mnemonic.detheme.com)";s:9:"recipient";s:0:"";s:18:"additional_headers";s:0:"";s:11:"attachments";s:0:"";s:8:"use_html";b:0;s:13:"exclude_blank";b:0;}]]></wp:meta_value>
		</wp:postmeta>
		<wp:postmeta>
			<wp:meta_key>_mail_2</wp:meta_key>
			<wp:meta_value><![CDATA[a:9:{s:6:"active";b:0;s:7:"subject";s:14:"[your-subject]";s:6:"sender";s:26:"[your-name] <[your-email]>";s:4:"body";s:115:"Message Body:
[your-message]

--
This e-mail was sent from a contact form on Mnemonic (http://mnemonic.detheme.com)";s:9:"recipient";s:0:"";s:18:"additional_headers";s:0:"";s:11:"attachments";s:0:"";s:8:"use_html";b:0;s:13:"exclude_blank";b:0;}]]></wp:meta_value>
		</wp:postmeta>
		<wp:postmeta>
			<wp:meta_key>_messages</wp:meta_key>
			<wp:meta_value><![CDATA[a:21:{s:12:"mail_sent_ok";s:43:"Your message was sent successfully. Thanks.";s:12:"mail_sent_ng";s:93:"Failed to send your message. Please try later or contact the administrator by another method.";s:16:"validation_error";s:74:"Validation errors occurred. Please confirm the fields and submit it again.";s:4:"spam";s:93:"Failed to send your message. Please try later or contact the administrator by another method.";s:12:"accept_terms";s:35:"Please accept the terms to proceed.";s:16:"invalid_required";s:31:"Please fill the required field.";s:17:"captcha_not_match";s:31:"Your entered code is incorrect.";s:14:"invalid_number";s:28:"Number format seems invalid.";s:16:"number_too_small";s:25:"This number is too small.";s:16:"number_too_large";s:25:"This number is too large.";s:13:"invalid_email";s:28:"Email address seems invalid.";s:11:"invalid_url";s:18:"URL seems invalid.";s:11:"invalid_tel";s:31:"Telephone number seems invalid.";s:23:"quiz_answer_not_correct";s:27:"Your answer is not correct.";s:12:"invalid_date";s:26:"Date format seems invalid.";s:14:"date_too_early";s:23:"This date is too early.";s:13:"date_too_late";s:22:"This date is too late.";s:13:"upload_failed";s:22:"Failed to upload file.";s:24:"upload_file_type_invalid";s:30:"This file type is not allowed.";s:21:"upload_file_too_large";s:23:"This file is too large.";s:23:"upload_failed_php_error";s:38:"Failed to upload file. Error occurred.";}]]></wp:meta_value>
		</wp:postmeta>
		<wp:postmeta>
			<wp:meta_key>_additional_settings</wp:meta_key>
			<wp:meta_value><![CDATA[]]></wp:meta_value>
		</wp:postmeta>
		<wp:postmeta>
			<wp:meta_key>_locale</wp:meta_key>
			<wp:meta_value><![CDATA[en_US]]></wp:meta_value>
		</wp:postmeta>
	</item>
</channel>
</rss>
