{"last_tab":"","showtopbar":"0","dt-left-top-bar":"","dt-left-top-bar-menu":"","dt-left-top-bar-text":"Left topbar custom text","dt-right-top-bar":"menu","dt-right-top-bar-menu":"38","dt-right-top-bar-text":"Right topbar custom text","dt-show-header":"1","dt-main-menu":"","dt-header-type":"left","dt-menu-image-size":"default","dt-menu-image":{"url":"","id":"","height":"","width":"","thumbnail":""},"dt-menu-image-horizontal":"50","dt-menu-image-vertical":"100","dt-logo-top-padding":"100","dt-logo-top-margin-reveal":"0","show-header-searchmenu":"1","show-header-shoppingcart":"0","dt-sticky-menu":"1","dt-menu-height":"","dt-logo-width":"","dt-logo-text":"detheme","dt-logo-margin":"23","dt-logo-leftmargin":"0","homepage-background-type":"transparent","homepage-header-color":"#ffffff","homepage-header-font-color":"#ffffff","homepage-dt-logo-image":{"url":"http:\/\/zeyn.detheme.com\/wp-content\/uploads\/2014\/09\/resto-logo-white.png","id":"7583","height":"23","width":"104","thumbnail":"http:\/\/zeyn.detheme.com\/wp-content\/uploads\/2014\/09\/resto-logo-white.png"},"homepage-header-color-transparent":"#ffffff","homepage-header-font-color-transparent":"#222222","homepage-dt-logo-image-transparent":{"url":"http:\/\/zeyn.detheme.com\/wp-content\/uploads\/2014\/09\/resto-logo-black.png","id":"7582","height":"23","width":"104","thumbnail":"http:\/\/zeyn.detheme.com\/wp-content\/uploads\/2014\/09\/resto-logo-black.png"},"header-background-type":"solid","header-color":"#ffffff","header-font-color":"#ffffff","dt-logo-image":{"url":"http:\/\/zeyn.detheme.com\/wp-content\/uploads\/2014\/09\/resto-logo-black.png","id":"7582","height":"23","width":"104","thumbnail":"http:\/\/zeyn.detheme.com\/wp-content\/uploads\/2014\/09\/resto-logo-black.png"},"header-color-transparent":"#ffffff","header-font-color-transparent":"#222222","dt-logo-image-transparent":{"url":"","id":"","height":"","width":"","thumbnail":""},"show-banner-area":"1","dt-show-title-page":"1","title-color":"#000000","dt-show-banner-page":"none","dt-banner-image":{"url":"","id":"","height":"","width":"","thumbnail":""},"banner-color":"","dt-banner-height":"82px","dt-shop-banner-image":{"url":"","id":"","height":"","width":"","thumbnail":""},"layout":"2","boxed_layout_activate":"0","boxed_layout_body_background_image":{"url":"","id":"","height":"","width":"","thumbnail":""},"boxed_layout_body_background_color":"#ffffff","boxed_layout_boxed_background_image":{"url":"","id":"","height":"","width":"","thumbnail":""},"boxed_layout_boxed_background_color":"#ffffff","dt-favicon-image":{"url":"","id":"","height":"50","width":"50","thumbnail":""},"lightbox_1st_on":"0","page_loader":"1","lightbox_1st_title":"Connect with us on Facebook","lightbox_1st_content":"","lightbox_1st_delay":"10","lightbox_1st_cookie":"1","dt_scrollingsidebar_on":"0","dt_scrollingsidebar_position":"right","dt_scrollingsidebar_margin":"20","dt-select-modal-effects":"","dt-default-single-post-image":{"url":"","id":"","height":"","width":"","thumbnail":""},"page-comment-open":"1","dt-comment-open":"1","port-comment-open":"1","dt-404-text":"It's looking like you may have taken a wrong turn. Don't worry...it happens to the most of us.","dt-404-image":{"url":"","id":"","height":"","width":"","thumbnail":""},"footer-text":"<h3 class=\"widget-title\">About ZEYN<\/h3>\r\n<p style=\"margin: 30px 0 25px;\">Cras mattis consectetur purus sit amet fermentum curabitur blandit tempus Integer posuere erat a ante venenatis dapibus posuere velit aliquet.Petierunt uti sibi concilium totius Galliae in diem certam enean lacinia.<\/p>\r\n<p>[dt_social facebook=\"#\" twitter=\"#\" gplus=\"#\" pinterest=\"#\" linkedin=\"#\" size=\"#\" shape=\"#\"]<\/p>","showfooterwidget":"1","dt-footer-widget-column":"3","footer-color":"#222222","footer-background-image":{"url":"","id":"","height":"","width":"","thumbnail":""},"footer-font-color":"#ffffff","primary-color":"#fc9b24","secondary-color":"#fc9b24","primary-font":{"font-family":"Merriweather","font-options":"{\"variants\":[{\"id\":\"300\",\"name\":\"Book+300\"},{\"id\":\"400\",\"name\":\"Normal+400\"},{\"id\":\"700\",\"name\":\"Bold+700\"},{\"id\":\"900\",\"name\":\"Ultra-Bold+900\"},{\"id\":\"900italic\",\"name\":\"Ultra-Bold+900+Italic\"}],\"subsets\":[{\"id\":\"latin-ext\",\"name\":\"Latin+Extended\"},{\"id\":\"latin\",\"name\":\"Latin\"}]}","google":"true","subsets":"latin"},"secondary-font":{"font-family":"Roboto Slab","font-options":"{\"variants\":[{\"id\":\"100\",\"name\":\"Ultra-Light+100\"},{\"id\":\"300\",\"name\":\"Book+300\"},{\"id\":\"400\",\"name\":\"Normal+400\"},{\"id\":\"700\",\"name\":\"Bold+700\"}],\"subsets\":[{\"id\":\"latin-ext\",\"name\":\"Latin+Extended\"},{\"id\":\"greek\",\"name\":\"Greek\"},{\"id\":\"vietnamese\",\"name\":\"Vietnamese\"},{\"id\":\"greek-ext\",\"name\":\"Greek+Extended\"},{\"id\":\"cyrillic-ext\",\"name\":\"Cyrillic+Extended\"},{\"id\":\"cyrillic\",\"name\":\"Cyrillic\"},{\"id\":\"latin\",\"name\":\"Latin\"}]}","google":"true","font-weight":"100","font-style":"","subsets":""},"section-font":{"font-family":"Roboto Slab","font-options":"{\"variants\":[{\"id\":\"100\",\"name\":\"Ultra-Light+100\"},{\"id\":\"300\",\"name\":\"Book+300\"},{\"id\":\"400\",\"name\":\"Normal+400\"},{\"id\":\"700\",\"name\":\"Bold+700\"}],\"subsets\":[{\"id\":\"latin-ext\",\"name\":\"Latin+Extended\"},{\"id\":\"greek\",\"name\":\"Greek\"},{\"id\":\"vietnamese\",\"name\":\"Vietnamese\"},{\"id\":\"greek-ext\",\"name\":\"Greek+Extended\"},{\"id\":\"cyrillic-ext\",\"name\":\"Cyrillic+Extended\"},{\"id\":\"cyrillic\",\"name\":\"Cyrillic\"},{\"id\":\"latin\",\"name\":\"Latin\"}]}","google":"true","font-weight":"100","font-style":"","subsets":""},"tertiary-font":{"font-family":"Muli","font-options":"{\"variants\":[{\"id\":\"300\",\"name\":\"Book+300\"},{\"id\":\"400\",\"name\":\"Normal+400\"},{\"id\":\"italic\",\"name\":\"Normal+400+Italic\"}],\"subsets\":[{\"id\":\"latin\",\"name\":\"Latin\"}]}","google":"true","subsets":"latin"},"heading-style":"none","css-code":"                body{\r\nheight: 100%;\r\n}            ","js-code":"                jQuery(document).ready(function(){\r\n\r\n});            ","meta-author":"Detheme Team","meta-description":"Zeyn is Perfect Wordpress Template For Any Website","meta-keyword":"zeyn , wordpress template, template, wordpress","footer-code":"","REDUX_imported":false,"devider-1":"","devider-2":"","devider-3":"","devider-4":"","devider-42":"","devider-6":"","devider-7":"","raw_new_info":"","REDUX_last_saved":1412047299,"redux-backup":"1"}