{"showtopbar":0,"devider-1":"","dt-left-top-bar":"","dt-left-top-bar-menu":"","dt-left-top-bar-text":"Left topbar custom text","devider-2":"","dt-right-top-bar":"","dt-right-top-bar-menu":"","dt-right-top-bar-text":"Right topbar custom text","dt-show-header":1,"dt-header-type":"left","dt-menu-image-size":"default","dt-menu-image":"","dt-menu-image-horizontal":"50","dt-menu-image-vertical":"100","dt-logo-top-padding":100,"dt-logo-top-margin-reveal":0,"show-header-searchmenu":1,"dt-sticky-menu":1,"dt-menu-height":5,"dt-logo-width":"","dt-logo-text":"detheme","dt-logo-margin":"0","dt-logo-leftmargin":"0","devider-3":"","homepage-background-type":"solid","homepage-header-color":"#ffffff","homepage-header-font-color":"#222222","homepage-dt-logo-image":{"url":""},"homepage-header-color-transparent":"#ffffff","homepage-header-font-color-transparent":"#222222","homepage-dt-logo-image-transparent":{"url":""},"devider-4":"","header-background-type":"solid","header-color":"#ffffff","header-font-color":"#222222","dt-logo-image":{"url":""},"header-color-transparent":"#ffffff","header-font-color-transparent":"#222222","dt-logo-image-transparent":{"url":""},"show-banner-area":1,"dt-show-title-page":1,"title-color":"#000000","dt-show-banner-page":"none","dt-banner-image":{"url":""},"banner-color":"","dt-banner-height":"82px","dt-shop-banner-image":{"url":""},"layout":"2","lightbox_1st_on":0,"page_loader":0,"lightbox_1st_title":"Connect with us on Facebook","lightbox_1st_content":"","lightbox_1st_delay":10,"lightbox_1st_cookie":1,"dt_scrollingsidebar_on":0,"dt_scrollingsidebar_position":"right","dt_scrollingsidebar_margin":20,"dt-favicon-image":{"url":""},"dt-select-modal-effects":"","dt-default-single-post-image":{"url":""},"page-comment-open":1,"dt-comment-open":1,"port-comment-open":1,"dt-404-text":"It's looking like you may have taken a wrong turn. Don't worry...it happens to the most of us.","dt-404-image":"","footer-text":"\u00a9 [current-year] Omnipress, The Awesome Theme. All right reserved.","showfooterwidget":1,"dt-footer-widget-column":3,"footer-color":"#222222","footer-font-color":"#ffffff","primary-color":"#f16338","secondary-color":"#f16338","primary-font":{"font-family":"Istok Web"},"secondary-font":{"font-family":"Dosis"},"section-font":{"font-family":"Dosis"},"tertiary-font":{"font-family":"Merriweather"},"heading-style":"none","css-code":"body{\nheight: 100%;\n}","js-code":"jQuery(document).ready(function(){\n\n});","raw_new_info":"","REDUX_last_saved":1412126500,"REDUX_imported":false,"meta-author":"Detheme Team","meta-description":"Zeyn is Perfect Wordpress Template For Any Website","meta-keyword":"zeyn , wordpress template, template, wordpress","footer-code":"","dt-main-menu":"","show-header-shoppingcart":1,"devider-42":"","boxed_layout_activate":0,"boxed_layout_body_background_image":{"url":""},"boxed_layout_body_background_color":"#ffffff","boxed_layout_boxed_background_image":{"url":""},"boxed_layout_boxed_background_color":"#ffffff","devider-6":"","devider-7":"","footer-background-image":{"url":""},"redux-backup":"1"}