{"last_tab":"","showtopbar":"0","dt-left-top-bar":"","dt-left-top-bar-menu":"","dt-left-top-bar-text":"Left topbar custom text","dt-right-top-bar":"","dt-right-top-bar-menu":"","dt-right-top-bar-text":"Right topbar custom text","dt-show-header":"1","dt-main-menu":"","dt-header-type":"center","dt-menu-image-size":"default","dt-menu-image":{"url":"","id":"","height":"","width":"","thumbnail":""},"dt-menu-image-horizontal":"50","dt-menu-image-vertical":"100","dt-logo-top-padding":"50","dt-logo-top-margin-reveal":"-20","show-header-searchmenu":"1","show-header-shoppingcart":"0","dt-sticky-menu":"1","dt-menu-height":"6","dt-logo-width":"","dt-logo-text":"detheme","dt-logo-margin":"40","dt-logo-leftmargin":"0","homepage-background-type":"solid","homepage-header-color":"#ffffff","homepage-header-font-color":"#222222","homepage-dt-logo-image":{"url":"http:\/\/zeyn.detheme.com\/wp-content\/uploads\/2014\/09\/logo_zeyn-house_on-menu-1.png","id":"7768","height":"33","width":"170","thumbnail":"http:\/\/zeyn.detheme.com\/wp-content\/uploads\/2014\/09\/logo_zeyn-house_on-menu-1-150x33.png"},"homepage-header-color-transparent":"#ffffff","homepage-header-font-color-transparent":"#222222","homepage-dt-logo-image-transparent":{"url":"http:\/\/zeyn.detheme.com\/wp-content\/uploads\/2014\/09\/logo_zeyn-house_on-menu-1.png","id":"7768","height":"33","width":"170","thumbnail":"http:\/\/zeyn.detheme.com\/wp-content\/uploads\/2014\/09\/logo_zeyn-house_on-menu-1-150x33.png"},"header-background-type":"solid","header-color":"#ffffff","header-font-color":"#222222","dt-logo-image":{"url":"http:\/\/zeyn.detheme.com\/wp-content\/uploads\/2014\/09\/logo_zeyn-house_on-menu-1.png","id":"7768","height":"33","width":"170","thumbnail":"http:\/\/zeyn.detheme.com\/wp-content\/uploads\/2014\/09\/logo_zeyn-house_on-menu-1-150x33.png"},"header-color-transparent":"#ffffff","header-font-color-transparent":"#ffffff","dt-logo-image-transparent":{"url":"http:\/\/zeyn.detheme.com\/wp-content\/uploads\/2014\/09\/logo_zeyn-house_on-menu-1.png","id":"7768","height":"33","width":"170","thumbnail":"http:\/\/zeyn.detheme.com\/wp-content\/uploads\/2014\/09\/logo_zeyn-house_on-menu-1-150x33.png"},"show-banner-area":"1","dt-show-title-page":"1","title-color":"#000000","dt-show-banner-page":"none","dt-banner-image":{"url":"http:\/\/demo.omnipress.co\/wp-content\/themes\/omnipress\/images\/header_subpage_bg.jpg","id":"","height":"","width":"","thumbnail":""},"banner-color":"","dt-banner-height":"82px","dt-shop-banner-image":{"url":"http:\/\/demo.omnipress.co\/wp-content\/themes\/omnipress\/images\/header_subpage_bg.jpg","id":"","height":"","width":"","thumbnail":""},"layout":"2","lightbox_1st_on":"0","page_loader":"0","lightbox_1st_title":"Connect with us on Facebook","lightbox_1st_content":"","lightbox_1st_delay":"10","lightbox_1st_cookie":"1","dt_scrollingsidebar_on":"0","dt_scrollingsidebar_position":"right","dt_scrollingsidebar_margin":"20","dt-favicon-image":{"url":"","id":"","height":"","width":"","thumbnail":""},"dt-select-modal-effects":"","dt-default-single-post-image":{"url":"","id":"","height":"","width":"","thumbnail":""},"page-comment-open":"1","dt-comment-open":"1","port-comment-open":"1","dt-404-text":"It's looking like you may have taken a wrong turn. Don't worry...it happens to the most of us.","dt-404-image":{"url":"","id":"","height":"","width":"","thumbnail":""},"footer-text":"<p>&nbsp;<\/p>\r\n<p style=\"text-align: center;\"><a href=\"http:\/\/zeyn.detheme.com\/wp-content\/uploads\/2014\/09\/logo_zeyn-house_on-footer-1.png\"><img class=\"alignnone wp-image-7767 size-full\" src=\"http:\/\/zeyn.detheme.com\/wp-content\/uploads\/2014\/09\/logo_zeyn-house_on-footer-1.png\" alt=\"\" width=\"170\" height=\"33\" \/><\/a><\/p>\r\n<p style=\"text-align: center;\">\u00a9 [current-year] deTheme Studio, Wordpress Theme Developer<\/p>\r\n<p style=\"text-align: center;\">\u00a0<\/p>","showfooterwidget":"0","dt-footer-widget-column":"3","footer-color":"#1ea99c","footer-font-color":"#ffffff","primary-color":"#00a99c","secondary-color":"#00a99c","primary-font":{"font-family":"Varela","font-options":"{\"variants\":[{\"id\":\"400\",\"name\":\"Normal+400\"}],\"subsets\":[{\"id\":\"latin-ext\",\"name\":\"Latin+Extended\"},{\"id\":\"latin\",\"name\":\"Latin\"}]}","google":"true","subsets":""},"secondary-font":{"font-family":"Bitter","font-options":"{\"variants\":[{\"id\":\"400\",\"name\":\"Normal+400\"},{\"id\":\"700\",\"name\":\"Bold+700\"},{\"id\":\"italic\",\"name\":\"Normal+400+Italic\"}],\"subsets\":[{\"id\":\"latin-ext\",\"name\":\"Latin+Extended\"},{\"id\":\"latin\",\"name\":\"Latin\"}]}","google":"true","font-weight":"400","font-style":"","subsets":""},"section-font":{"font-family":"Bitter","font-options":"{\"variants\":[{\"id\":\"400\",\"name\":\"Normal+400\"},{\"id\":\"700\",\"name\":\"Bold+700\"},{\"id\":\"italic\",\"name\":\"Normal+400+Italic\"}],\"subsets\":[{\"id\":\"latin-ext\",\"name\":\"Latin+Extended\"},{\"id\":\"latin\",\"name\":\"Latin\"}]}","google":"true","font-weight":"400","font-style":"","subsets":""},"tertiary-font":{"font-family":"Merriweather","font-options":"{\"variants\":[{\"id\":\"300\",\"name\":\"Book+300\"},{\"id\":\"400\",\"name\":\"Normal+400\"},{\"id\":\"700\",\"name\":\"Bold+700\"},{\"id\":\"900\",\"name\":\"Ultra-Bold+900\"},{\"id\":\"900italic\",\"name\":\"Ultra-Bold+900+Italic\"}],\"subsets\":[{\"id\":\"latin-ext\",\"name\":\"Latin+Extended\"},{\"id\":\"latin\",\"name\":\"Latin\"}]}","google":"true","subsets":""},"heading-style":"none","css-code":"                body{\r\nheight: 100%;\r\n}            ","js-code":"                jQuery(document).ready(function(){\r\n\r\n});            ","meta-author":"Detheme Team","meta-description":"Zeyn is Perfect Wordpress Template For Any Website","meta-keyword":"zeyn , wordpress template, template, wordpress","footer-code":"","REDUX_imported":false,"devider-1":"","devider-2":"","devider-3":"","devider-4":"","raw_new_info":"","REDUX_last_saved":1412047122,"devider-42":"","boxed_layout_activate":0,"boxed_layout_body_background_image":{"url":""},"boxed_layout_body_background_color":"#ffffff","boxed_layout_boxed_background_image":{"url":""},"boxed_layout_boxed_background_color":"#ffffff","devider-6":"","devider-7":"","footer-background-image":{"url":""},"redux-backup":"1"}