{"last_tab":"","showtopbar":"0","dt-left-top-bar":"","dt-left-top-bar-menu":"","dt-left-top-bar-text":"Left topbar custom text","dt-right-top-bar":"","dt-right-top-bar-menu":"","dt-right-top-bar-text":"Right topbar custom text","dt-show-header":"1","dt-main-menu":"","dt-header-type":"left","dt-menu-image-size":"default","dt-menu-image":{"url":"","id":"","height":"","width":"","thumbnail":""},"dt-menu-image-horizontal":"50","dt-menu-image-vertical":"100","dt-logo-top-padding":"100","dt-logo-top-margin-reveal":"0","show-header-searchmenu":"1","show-header-shoppingcart":"0","dt-sticky-menu":"1","dt-menu-height":"","dt-logo-width":"100","dt-logo-text":"detheme","dt-logo-margin":"10","dt-logo-leftmargin":"0","homepage-background-type":"transparent","homepage-header-color":"#ffffff","homepage-header-font-color":"#222222","homepage-dt-logo-image":{"url":"http:\/\/demo.omnipress.co\/wp-content\/uploads\/2014\/07\/blog100.png","id":"5549","height":"47","width":"100","thumbnail":"http:\/\/demo.omnipress.co\/wp-content\/uploads\/2014\/07\/blog100.png"},"homepage-header-color-transparent":"#222222","homepage-header-font-color-transparent":"#ffffff","homepage-dt-logo-image-transparent":{"url":"http:\/\/demo.omnipress.co\/wp-content\/uploads\/2014\/07\/logoblogwhite.png","id":"5539","height":"57","width":"120","thumbnail":"http:\/\/demo.omnipress.co\/wp-content\/uploads\/2014\/07\/logoblogwhite.png"},"header-background-type":"solid","header-color":"#ffffff","header-font-color":"#222222","dt-logo-image":{"url":"http:\/\/demo.omnipress.co\/wp-content\/uploads\/2014\/07\/blog100.png","id":"5549","height":"47","width":"100","thumbnail":"http:\/\/demo.omnipress.co\/wp-content\/uploads\/2014\/07\/blog100.png"},"header-color-transparent":"#ffffff","header-font-color-transparent":"#ffffff","dt-logo-image-transparent":{"url":"http:\/\/demo.omnipress.co\/wp-content\/uploads\/2014\/07\/logoblog.png","id":"5505","height":"85","width":"180","thumbnail":"http:\/\/demo.omnipress.co\/wp-content\/uploads\/2014\/07\/logoblog-150x85.png"},"show-banner-area":"1","dt-show-title-page":"1","title-color":"#000000","dt-show-banner-page":"none","dt-banner-image":{"url":"","id":"","height":"","width":"","thumbnail":""},"banner-color":"","dt-banner-height":"82px","dt-shop-banner-image":{"url":"","id":"","height":"","width":"","thumbnail":""},"layout":"2","lightbox_1st_on":"0","page_loader":"0","lightbox_1st_title":"Connect with us on Facebook","lightbox_1st_content":"","lightbox_1st_delay":"10","lightbox_1st_cookie":"1","dt_scrollingsidebar_on":"0","dt_scrollingsidebar_position":"right","dt_scrollingsidebar_margin":"20","dt-favicon-image":{"url":"","id":"","height":"50","width":"50","thumbnail":""},"dt-select-modal-effects":"","dt-default-single-post-image":{"url":"","id":"","height":"","width":"","thumbnail":""},"page-comment-open":"1","dt-comment-open":"1","port-comment-open":"1","dt-404-text":"It's looking like you may have taken a wrong turn. Don't worry...it happens to the most of us.","dt-404-image":{"url":"","id":"","height":"","width":"","thumbnail":""},"footer-text":"<p style=\"text-align: center;\"><img class=\"alignnone size-full wp-image-5539\" src=\"http:\/\/demo.omnipress.co\/wp-content\/uploads\/2014\/07\/logoblogwhite.png\" alt=\"logoblogwhite\" width=\"120\" height=\"57\" \/><\/p>\r\n<p style=\"text-align: center;\">\u00a9 [current-year] DeTheme, The Awesome Theme. All right reserved.<\/p>","showfooterwidget":"0","dt-footer-widget-column":"3","footer-color":"#222222","footer-font-color":"#ffffff","primary-color":"#f16338","secondary-color":"#8eb021","primary-font":{"font-family":"Raleway","font-options":"{\"variants\":[{\"id\":\"100\",\"name\":\"Ultra-Light+100\"},{\"id\":\"200\",\"name\":\"Light+200\"},{\"id\":\"300\",\"name\":\"Book+300\"},{\"id\":\"400\",\"name\":\"Normal+400\"},{\"id\":\"500\",\"name\":\"Medium+500\"},{\"id\":\"600\",\"name\":\"Semi-Bold+600\"},{\"id\":\"700\",\"name\":\"Bold+700\"},{\"id\":\"800\",\"name\":\"Extra-Bold+800\"},{\"id\":\"900\",\"name\":\"Ultra-Bold+900\"}],\"subsets\":[{\"id\":\"latin\",\"name\":\"Latin\"}]}","google":"true","subsets":"latin"},"secondary-font":{"font-family":"Istok Web","font-options":"{\"variants\":[{\"id\":\"400\",\"name\":\"Normal+400\"},{\"id\":\"700\",\"name\":\"Bold+700\"},{\"id\":\"700italic\",\"name\":\"Bold+700+Italic\"}],\"subsets\":[{\"id\":\"latin-ext\",\"name\":\"Latin+Extended\"},{\"id\":\"cyrillic-ext\",\"name\":\"Cyrillic+Extended\"},{\"id\":\"cyrillic\",\"name\":\"Cyrillic\"},{\"id\":\"latin\",\"name\":\"Latin\"}]}","google":"true","font-weight":"400","font-style":"","subsets":""},"section-font":{"font-family":"Istok Web","font-options":"{\"variants\":[{\"id\":\"400\",\"name\":\"Normal+400\"},{\"id\":\"700\",\"name\":\"Bold+700\"},{\"id\":\"700italic\",\"name\":\"Bold+700+Italic\"}],\"subsets\":[{\"id\":\"latin-ext\",\"name\":\"Latin+Extended\"},{\"id\":\"cyrillic-ext\",\"name\":\"Cyrillic+Extended\"},{\"id\":\"cyrillic\",\"name\":\"Cyrillic\"},{\"id\":\"latin\",\"name\":\"Latin\"}]}","google":"true","font-weight":"400","font-style":"","subsets":""},"tertiary-font":{"font-family":"Merriweather","font-options":"{\"variants\":[{\"id\":\"300\",\"name\":\"Book+300\"},{\"id\":\"400\",\"name\":\"Normal+400\"},{\"id\":\"700\",\"name\":\"Bold+700\"},{\"id\":\"900\",\"name\":\"Ultra-Bold+900\"},{\"id\":\"900italic\",\"name\":\"Ultra-Bold+900+Italic\"}],\"subsets\":[{\"id\":\"latin-ext\",\"name\":\"Latin+Extended\"},{\"id\":\"latin\",\"name\":\"Latin\"}]}","google":"true","subsets":""},"heading-style":"none","css-code":"                body{\r\nheight: 100%;\r\n}            ","js-code":"                jQuery(document).ready(function(){\r\n\r\n});            ","meta-author":"Detheme Team","meta-description":"Zeyn is Perfect Wordpress Template For Any Website","meta-keyword":"zeyn , wordpress template, template, wordpress","footer-code":"","REDUX_imported":false,"devider-1":"","devider-2":"","devider-3":"","devider-4":"","raw_new_info":"","REDUX_last_saved":1412047122,"devider-42":"","boxed_layout_activate":0,"boxed_layout_body_background_image":{"url":""},"boxed_layout_body_background_color":"#ffffff","boxed_layout_boxed_background_image":{"url":""},"boxed_layout_boxed_background_color":"#ffffff","devider-6":"","devider-7":"","footer-background-image":{"url":""},"redux-backup":"1"}