{"last_tab":"","showtopbar":"0","dt-left-top-bar":"","dt-left-top-bar-menu":"","dt-left-top-bar-text":"Left topbar custom text","dt-right-top-bar":"","dt-right-top-bar-menu":"","dt-right-top-bar-text":"Right topbar custom text","dt-show-header":"1","dt-main-menu":"40","dt-header-type":"left","dt-menu-image-size":"default","dt-menu-image":{"url":"","id":"","height":"","width":"","thumbnail":""},"dt-menu-image-horizontal":"50","dt-menu-image-vertical":"100","dt-logo-top-padding":"100","dt-logo-top-margin-reveal":"0","show-header-searchmenu":"0","show-header-shoppingcart":"0","dt-sticky-menu":"1","dt-menu-height":"10","dt-logo-width":"","dt-logo-text":"detheme","dt-logo-margin":"30","dt-logo-margin-mobile":"0","dt-logo-leftmargin":"0","homepage-background-type":"transparent","homepage-header-color":"#ffffff","homepage-header-font-color":"#ffffff","homepage-dt-logo-image":{"url":"http:\/\/zeyn.detheme.com\/wp-content\/uploads\/2014\/10\/zeyn_logo_80_white.png","id":"9440","height":"77","width":"96","thumbnail":"http:\/\/zeyn.detheme.com\/wp-content\/uploads\/2014\/10\/zeyn_logo_80_white.png"},"homepage-header-color-transparent":"#ffffff","homepage-header-font-color-transparent":"#222222","homepage-dt-logo-image-transparent":{"url":"http:\/\/zeyn.detheme.com\/wp-content\/themes\/zeyn\/images\/logo.png","id":"","height":"","width":"","thumbnail":""},"header-background-type":"solid","header-color":"#ffffff","header-font-color":"#222222","dt-logo-image":{"url":"http:\/\/zeyn.detheme.com\/wp-content\/themes\/zeyn\/images\/logo.png","id":"","height":"","width":"","thumbnail":""},"header-color-transparent":"#ffffff","header-font-color-transparent":"#222222","dt-logo-image-transparent":{"url":"http:\/\/zeyn.detheme.com\/wp-content\/themes\/zeyn\/images\/logo.png","id":"","height":"","width":"","thumbnail":""},"show-banner-area":"1","dt-show-title-page":"1","title-color":"#000000","dt-show-banner-page":"none","use-featured-image":"1","dt-banner-image":{"url":"http:\/\/zeyn.detheme.com\/wp-content\/themes\/zeyn\/images\/header_subpage_bg.jpg","id":"","height":"","width":"","thumbnail":""},"banner-color":"","dt-banner-height":"82px","dt-shop-banner-image":{"url":"http:\/\/zeyn.detheme.com\/wp-content\/themes\/zeyn\/images\/header_subpage_bg.jpg","id":"","height":"","width":"","thumbnail":""},"layout":"2","boxed_layout_activate":"0","boxed_layout_body_background_image":{"url":"","id":"","height":"","width":"","thumbnail":""},"boxed_layout_body_background_color":"#ffffff","boxed_layout_boxed_background_image":{"url":"","id":"","height":"","width":"","thumbnail":""},"boxed_layout_boxed_background_color":"#ffffff","dt-favicon-image":{"url":"http:\/\/zeyn.detheme.com\/wp-content\/themes\/zeyn\/images\/favicon.png","id":"","height":"","width":"","thumbnail":""},"lightbox_1st_on":"0","page_loader":"1","lightbox_1st_title":"Connect with us on Facebook","lightbox_1st_content":"","lightbox_1st_delay":"10","lightbox_1st_cookie":"1","dt_scrollingsidebar_on":"0","dt_scrollingsidebar_position":"right","dt_scrollingsidebar_margin":"20","dt-select-modal-effects":"","dt-default-single-post-image":{"url":"http:\/\/zeyn.detheme.com\/wp-content\/themes\/zeyn\/images\/banner_single_post.jpg","id":"","height":"","width":"","thumbnail":""},"page-comment-open":"1","dt-comment-open":"1","port-comment-open":"1","dt-404-text":"It's looking like you may have taken a wrong turn. Don't worry...it happens to the most of us.","dt-404-image":{"url":"","id":"","height":"","width":"","thumbnail":""},"footer-text":"<h3 class=\"widget-title\">About ZEYN<\/h3>\r\n<p style=\"margin: 30px 0 25px;\">Cras mattis consectetur purus sit amet fermentum curabitur blandit tempus Integer posuere erat a ante venenatis dapibus posuere velit aliquet.Petierunt uti sibi concilium totius Galliae in diem certam indicere morbi leo risus.<\/p>\r\n<p>[dt_social facebook=\"#\" twitter=\"#\" gplus=\"#\" pinterest=\"#\" linkedin=\"#\" size=\"#\" shape=\"#\"]<\/p>\r\n","showfooterwidget":"1","dt-footer-widget-column":"3","footer-color":"#3f3f3f","footer-background-image":{"url":"","id":"","height":"","width":"","thumbnail":""},"footer-font-color":"#ffffff","primary-color":"#c4aa77","secondary-color":"#c4aa77","body_background_color":"#ffffff","body_text_color":"#453735","primary-font":{"font-family":"Open Sans","font-options":"{\"variants\":[{\"id\":\"300\",\"name\":\"Book+300\"},{\"id\":\"400\",\"name\":\"Normal+400\"},{\"id\":\"600\",\"name\":\"Semi-Bold+600\"},{\"id\":\"700\",\"name\":\"Bold+700\"},{\"id\":\"800\",\"name\":\"Extra-Bold+800\"},{\"id\":\"800italic\",\"name\":\"Extra-Bold+800+Italic\"}],\"subsets\":[{\"id\":\"latin-ext\",\"name\":\"Latin+Extended\"},{\"id\":\"greek\",\"name\":\"Greek\"},{\"id\":\"vietnamese\",\"name\":\"Vietnamese\"},{\"id\":\"greek-ext\",\"name\":\"Greek+Extended\"},{\"id\":\"cyrillic-ext\",\"name\":\"Cyrillic+Extended\"},{\"id\":\"cyrillic\",\"name\":\"Cyrillic\"},{\"id\":\"latin\",\"name\":\"Latin\"}]}","google":"true","subsets":""},"secondary-font":{"font-family":"Raleway","font-options":"{\"variants\":[{\"id\":\"100\",\"name\":\"Ultra-Light+100\"},{\"id\":\"200\",\"name\":\"Light+200\"},{\"id\":\"300\",\"name\":\"Book+300\"},{\"id\":\"400\",\"name\":\"Normal+400\"},{\"id\":\"500\",\"name\":\"Medium+500\"},{\"id\":\"600\",\"name\":\"Semi-Bold+600\"},{\"id\":\"700\",\"name\":\"Bold+700\"},{\"id\":\"800\",\"name\":\"Extra-Bold+800\"},{\"id\":\"900\",\"name\":\"Ultra-Bold+900\"}],\"subsets\":[{\"id\":\"latin\",\"name\":\"Latin\"}]}","google":"true","font-weight":"","font-style":"","subsets":"latin"},"section-font":{"font-family":"Raleway","font-options":"{\"variants\":[{\"id\":\"100\",\"name\":\"Ultra-Light+100\"},{\"id\":\"200\",\"name\":\"Light+200\"},{\"id\":\"300\",\"name\":\"Book+300\"},{\"id\":\"400\",\"name\":\"Normal+400\"},{\"id\":\"500\",\"name\":\"Medium+500\"},{\"id\":\"600\",\"name\":\"Semi-Bold+600\"},{\"id\":\"700\",\"name\":\"Bold+700\"},{\"id\":\"800\",\"name\":\"Extra-Bold+800\"},{\"id\":\"900\",\"name\":\"Ultra-Bold+900\"}],\"subsets\":[{\"id\":\"latin\",\"name\":\"Latin\"}]}","google":"true","font-weight":"","font-style":"","subsets":"latin"},"tertiary-font":{"font-family":"Lora","font-options":"{\"variants\":[{\"id\":\"400\",\"name\":\"Normal+400\"},{\"id\":\"700\",\"name\":\"Bold+700\"},{\"id\":\"700italic\",\"name\":\"Bold+700+Italic\"}],\"subsets\":[{\"id\":\"latin-ext\",\"name\":\"Latin+Extended\"},{\"id\":\"cyrillic\",\"name\":\"Cyrillic\"},{\"id\":\"latin\",\"name\":\"Latin\"}]}","google":"true","subsets":"latin"},"heading-style":"none","css-code":"                body{\r\nheight: 100%;\r\n}            ","js-code":"                jQuery(document).ready(function(){\r\n\r\n});            ","meta-author":"Detheme Team","meta-description":"Zeyn is Perfect Wordpress Template For Any Website","meta-keyword":"zeyn , wordpress template, template, wordpress","footer-code":"","REDUX_imported":false,"devider-1":"","devider-2":"","devider-3":"","devider-4":"","devider-42":"","devider-6":"","devider-7":"","raw_new_info":"","REDUX_last_saved":1417070560,"redux-backup":"1"}